utilization_ratio,current_balance,days_since_last_decrease,age,region_code,pred_A,bureau_score,bureau_delinq_cnt,bureau_open_accts,bad_flag
24.86,4016.0,224,56,Kansai,0.03792209149630563,654.0,0.0,7.0,0
55.03,453.0,275,74,Kansai,0.044352701397578416,646.0,0.0,5.0,0
11.09,880.0,127,64,Kansai,0.05272571065876173,626.0,0.0,5.0,0
50.99,1328.0,217,34,Kansai,0.047605111865681844,744.0,0.0,4.0,0
17.73,1839.0,258,36,Kansai,0.046388525148211505,698.0,0.0,7.0,0
19.83,3052.0,48,34,Kanto,0.03136757890154865,602.0,0.0,2.0,0
37.62,1383.0,371,24,Kansai,0.04404484851817363,613.0,1.0,4.0,0
54.35,1375.0,54,41,Kanto,0.03811724805345575,700.0,0.0,5.0,0
35.33,740.0,170,58,Kanto,0.03487589182218219,664.0,0.0,3.0,0
32.64,1283.0,104,74,Kansai,0.0378882885531291,689.0,0.0,3.0,0
20.77,2457.0,9999,61,Kansai,0.04894963330413476,632.0,0.0,7.0,0
26.34,601.0,376,30,Tokai,0.05437197351127081,546.0,0.0,0.0,0
39.0,1754.0,115,49,Kanto,0.03190183911778868,649.0,0.0,5.0,0
30.55,799.0,251,24,Kansai,0.050310658290868567,613.0,0.0,6.0,0
20.33,3698.0,9999,71,Kanto,0.030507840837924897,705.0,0.0,2.0,0
18.39,2538.0,252,41,Tokai,0.040726967650330057,670.0,0.0,5.0,0
20.77,1462.0,18,56,Kanto,0.03273098299856044,656.0,0.0,8.0,0
30.96,1809.0,130,44,Kansai,0.04702356101647357,633.0,0.0,6.0,0
7.68,3948.0,155,54,Kanto,0.026109680604485343,662.0,0.0,3.0,0
17.44,4014.0,93,42,Kanto,0.02729953998491754,706.0,1.0,4.0,0
6.17,1619.0,235,71,Tokai,0.031811998416186975,557.0,0.0,3.0,0
23.57,4268.0,9999,71,Kanto,0.02591972054182531,603.0,0.0,2.0,0
9.59,3268.0,81,22,Other,0.03521890958717509,683.0,0.0,3.0,0
46.14,1176.0,188,44,Other,0.035675564695390516,672.0,0.0,4.0,0
9.83,3326.0,43,25,Kansai,0.045205413720691937,689.0,0.0,3.0,0
27.47,3064.0,180,64,Kanto,0.02472015156749705,674.0,0.0,5.0,0
17.0,3867.0,308,63,Other,0.02891617244837788,652.0,1.0,6.0,0
80.15,4297.0,57,24,Kanto,0.02652977933901657,674.0,0.0,1.0,0
13.18,1685.0,9999,49,Kanto,0.03691393382082542,584.0,1.0,4.0,0
15.94,1025.0,355,26,Kanto,0.02881988612790441,649.0,0.0,2.0,0
26.15,3442.0,9999,23,Kanto,0.024767838700586988,665.0,0.0,0.0,0
24.91,5025.0,9999,61,Kansai,0.03937439958149903,656.0,0.0,4.0,0
6.86,2243.0,28,46,Kanto,0.0306956839589276,661.0,0.0,4.0,0
45.95,2503.0,84,26,Kanto,0.042534255980614284,599.0,0.0,4.0,0
54.15,2464.0,377,42,Kansai,0.04197312525609837,631.0,0.0,2.0,0
26.06,2371.0,344,30,Kanto,0.03699701157785376,653.0,1.0,5.0,0
4.68,2304.0,251,27,Kanto,0.026766904902741213,679.0,1.0,8.0,0
11.91,657.0,9999,24,Kansai,0.060777927338288955,637.0,0.0,3.0,0
32.46,4594.0,391,41,Other,0.028702344673283225,662.0,0.0,5.0,0
21.94,2826.0,307,55,Kanto,0.030423568258963182,684.0,0.0,2.0,0
26.73,1337.0,343,31,Kansai,0.048071503956663736,657.0,0.0,7.0,0
44.35,1496.0,9999,74,Kansai,0.054290616439379866,606.0,1.0,1.0,0
9.62,4999.0,141,57,Kansai,0.029232722447045903,662.0,0.0,5.0,0
22.72,2284.0,9999,42,Tokai,0.045130052312419386,660.0,1.0,0.0,0
24.09,1494.0,225,37,Other,0.04190071754196141,667.0,0.0,3.0,0
19.66,1715.0,279,57,Kansai,0.040433911663430445,622.0,0.0,6.0,0
30.25,547.0,182,70,Other,0.04143435423119784,702.0,1.0,8.0,0
7.14,2064.0,239,32,Kanto,0.03316827049909259,698.0,1.0,5.0,0
36.8,6171.0,150,59,Other,0.025464430054827382,658.0,1.0,7.0,0
64.64,1086.0,104,56,Kanto,0.04832174897199135,620.0,0.0,3.0,0
40.86,1606.0,26,57,Other,0.03347961626432643,646.0,0.0,5.0,0
37.85,2960.0,9999,41,Other,0.043499212521355815,584.0,0.0,6.0,0
34.58,1912.0,9999,35,Kanto,0.04585155272189655,676.0,1.0,4.0,0
35.99,2899.0,268,29,Kanto,0.027258505270133994,680.0,0.0,4.0,0
13.77,495.0,172,36,Kanto,0.03927531785741538,701.0,0.0,1.0,0
15.88,879.0,292,70,Kanto,0.0357722376099991,654.0,0.0,3.0,0
34.08,1981.0,9999,64,Kanto,0.03413190839779614,636.0,0.0,3.0,0
32.88,3401.0,9999,72,Kanto,0.028080086723632127,652.0,0.0,6.0,0
18.13,4535.0,110,58,Other,0.02583763922494817,639.0,0.0,6.0,0
11.03,1548.0,266,22,Kanto,0.03522723905239077,631.0,0.0,1.0,0
6.26,4733.0,112,28,Kanto,0.02632189464748647,629.0,0.0,4.0,0
38.94,3294.0,129,59,Other,0.033682260000709625,664.0,0.0,5.0,0
21.71,933.0,9999,29,Other,0.056131564934913065,689.0,1.0,6.0,0
13.64,4564.0,344,50,Kansai,0.03335538209539789,712.0,0.0,4.0,0
6.37,982.0,139,30,Kansai,0.04411339685383912,668.0,2.0,2.0,0
16.74,1951.0,214,59,Tokai,0.04239860459340011,687.0,0.0,4.0,0
48.58,2312.0,9999,60,Kanto,0.03716389867366853,618.0,0.0,5.0,0
35.85,2414.0,9999,35,Other,0.04566157803066709,567.0,0.0,1.0,0
43.39,1018.0,329,60,Kanto,0.036960157514463424,532.0,0.0,6.0,0
18.42,588.0,314,65,Kanto,0.029218633528717192,690.0,0.0,3.0,0
56.23,786.0,9999,31,Kansai,0.0649134515572997,604.0,0.0,2.0,0
13.52,5835.0,98,64,Kanto,0.023357991554537032,735.0,0.0,5.0,0
18.93,2519.0,9999,74,Kanto,0.03829339835406349,761.0,1.0,7.0,0
25.85,1691.0,9999,68,Kanto,0.03351776807390075,607.0,0.0,4.0,0
39.03,2459.0,87,39,Kansai,0.04286826260625117,615.0,0.0,2.0,0
13.88,3601.0,9999,74,Kanto,0.025200958386545028,679.0,2.0,1.0,0
46.59,5100.0,122,50,Tokai,0.03373665662860683,597.0,0.0,3.0,0
61.58,3907.0,122,28,Tokai,0.045162320317239865,557.0,0.0,8.0,0
30.74,1980.0,9999,40,Other,0.0484024757126151,704.0,0.0,7.0,0
13.47,4435.0,111,58,Kansai,0.031217088690013335,696.0,1.0,4.0,0
72.39,135.0,251,56,Kanto,0.05536382077599154,689.0,0.0,3.0,0
28.54,2617.0,73,38,Kanto,0.035584786701743885,692.0,0.0,1.0,0
38.81,2900.0,392,30,Kansai,0.040679686701973354,628.0,1.0,8.0,0
5.52,3023.0,56,23,Other,0.03159218499055119,674.0,0.0,1.0,0
1.73,5631.0,354,22,Tokai,0.03022859532277697,667.0,0.0,4.0,0
26.67,2998.0,368,66,Kansai,0.03916125422684635,707.0,0.0,3.0,0
25.05,2171.0,307,66,Other,0.036199479215687246,676.0,0.0,3.0,0
40.36,1358.0,344,45,Kanto,0.03565947812151338,598.0,0.0,5.0,0
36.96,3994.0,359,62,Other,0.02896082329778401,728.0,0.0,0.0,0
9.07,3857.0,111,32,Tokai,0.038044965663373655,600.0,0.0,1.0,0
31.99,855.0,161,74,Kansai,0.04288613220896203,620.0,0.0,2.0,0
52.36,4307.0,9999,70,Kanto,0.031796983091467626,718.0,0.0,2.0,0
14.41,7500.0,202,38,Kansai,0.02595904815458228,655.0,0.0,4.0,0
43.69,1814.0,19,54,Tokai,0.04165908719697871,658.0,0.0,1.0,0
26.53,4062.0,314,46,Kanto,0.02979338160764895,648.0,0.0,3.0,0
30.82,7569.0,316,50,Tokai,0.03060616190793716,685.0,0.0,4.0,1
20.42,8490.0,9,54,Kanto,0.020250950059703825,713.0,0.0,3.0,0
45.84,1445.0,37,70,Tokai,0.04389648071112531,710.0,1.0,2.0,0
11.4,7372.0,376,20,Other,0.021955523052142857,643.0,0.0,1.0,0
11.89,558.0,9999,63,Kansai,0.05195705187870275,780.0,1.0,5.0,0
23.81,1888.0,135,58,Tokai,0.03697697858582717,654.0,0.0,9.0,0
22.43,1072.0,9999,51,Other,0.040804922481759064,717.0,1.0,3.0,0
33.22,1350.0,9999,37,Kansai,0.04541408758004328,701.0,1.0,4.0,0
13.6,3332.0,158,34,Kansai,0.04243212759252729,733.0,0.0,2.0,0
46.96,3499.0,9999,57,Other,0.03943671885688429,599.0,0.0,3.0,0
19.18,3252.0,168,22,Other,0.027626268761081704,710.0,0.0,3.0,0
21.78,808.0,357,38,Kanto,0.039987729648798064,659.0,0.0,2.0,0
28.01,2464.0,9999,30,Kansai,0.053317657051364147,779.0,0.0,6.0,0
42.01,2654.0,9999,30,Kanto,0.04498291944388192,684.0,1.0,2.0,0
9.46,2147.0,147,58,Tokai,0.042356992875108544,635.0,0.0,7.0,0
44.18,6009.0,129,27,Kanto,0.030535516880379296,664.0,0.0,8.0,0
44.17,3875.0,9999,62,Kanto,0.032127663919683115,685.0,0.0,6.0,0
51.43,1692.0,384,59,Kansai,0.05192887428776662,578.0,0.0,7.0,0
1.31,2220.0,9999,54,Kanto,0.02878848470260809,685.0,0.0,3.0,0
44.22,3923.0,273,40,Tokai,0.03769070482740878,657.0,0.0,10.0,0
27.31,2585.0,381,27,Kanto,0.033203927111599925,665.0,0.0,8.0,0
23.1,4733.0,16,42,Kanto,0.02784676865591974,566.0,0.0,1.0,0
15.94,2136.0,214,58,Other,0.03427949059928173,648.0,0.0,2.0,0
9.8,3642.0,386,71,Kanto,0.026147295913537715,654.0,0.0,3.0,0
32.59,1387.0,240,54,Kansai,0.044221342581186415,648.0,0.0,2.0,0
30.65,1560.0,394,35,Other,0.04390882018033232,645.0,1.0,2.0,0
36.04,2661.0,320,40,Other,0.03165181347816357,664.0,0.0,3.0,0
6.04,2102.0,9999,67,Tokai,0.05485360990858044,627.0,1.0,5.0,0
42.34,2212.0,98,42,Kanto,0.030278584478037995,647.0,0.0,2.0,0
24.11,1691.0,313,61,Kansai,0.04066139949646919,560.0,0.0,5.0,0
56.22,1753.0,111,68,Kansai,0.05433407745838584,641.0,0.0,3.0,0
8.84,3430.0,9999,23,Kanto,0.04102134608517927,613.0,0.0,4.0,0
34.46,1972.0,9999,45,Tokai,0.05352230240525782,597.0,0.0,4.0,0
64.79,1363.0,128,41,Other,0.05479744371337822,589.0,0.0,4.0,0
59.96,1497.0,9999,42,Kansai,0.05978149152269469,741.0,0.0,3.0,0
23.61,1708.0,7,70,Kanto,0.03200562138634485,610.0,0.0,5.0,0
40.04,2805.0,254,72,Other,0.035861843388651386,604.0,0.0,6.0,0
18.48,2386.0,381,50,Kanto,0.031390414731063535,568.0,0.0,4.0,0
41.02,1863.0,120,34,Other,0.04368699095977216,685.0,0.0,6.0,0
17.56,5266.0,289,54,Kansai,0.03580492062484824,604.0,0.0,2.0,0
20.53,2795.0,9999,43,Kanto,0.02796231449275423,693.0,0.0,6.0,0
60.86,2627.0,9999,49,Tokai,0.04641434292181291,653.0,0.0,4.0,0
43.59,1687.0,379,46,Kanto,0.0414362588165809,689.0,0.0,5.0,0
45.5,1642.0,376,59,Kanto,0.03526364796946072,609.0,0.0,4.0,0
42.75,5369.0,9999,33,Kanto,0.034543086887003194,702.0,0.0,2.0,0
18.52,2932.0,268,66,Tokai,0.031395475114256235,689.0,1.0,3.0,0
29.4,1595.0,287,45,Tokai,0.044543024296379345,618.0,0.0,5.0,0
44.44,3415.0,9999,40,Tokai,0.05238370182865409,710.0,0.0,4.0,0
18.73,4962.0,219,20,Other,0.03519912991625143,636.0,0.0,4.0,0
19.13,1589.0,235,63,Kanto,0.03352975098559534,669.0,1.0,4.0,0
25.95,2090.0,189,20,Other,0.036585269773320016,614.0,1.0,6.0,0
58.79,5687.0,290,70,Kanto,0.029585564841774846,613.0,0.0,3.0,0
16.93,3240.0,157,57,Tokai,0.03585825779218124,735.0,1.0,6.0,0
21.52,1257.0,66,64,Tokai,0.037233174234675946,627.0,0.0,3.0,0
30.27,1638.0,126,60,Other,0.03639692130510195,675.0,0.0,6.0,0
60.43,696.0,21,59,Other,0.0524212273183239,517.0,1.0,2.0,0
22.64,6434.0,36,50,Other,0.026177383174160858,711.0,0.0,3.0,0
33.0,2945.0,121,34,Kanto,0.036217486549322254,625.0,1.0,1.0,0
38.71,2943.0,327,72,Kansai,0.040073971859885434,701.0,0.0,2.0,0
37.82,5164.0,152,52,Kanto,0.025403718077497365,645.0,2.0,3.0,0
28.72,2815.0,36,50,Other,0.03266021883253833,631.0,0.0,3.0,0
9.71,1018.0,9999,49,Other,0.033815599839219154,593.0,0.0,3.0,0
50.46,2940.0,333,40,Other,0.03467365592053041,726.0,0.0,3.0,0
46.32,1579.0,100,26,Other,0.05054562323720115,534.0,0.0,2.0,0
27.81,1927.0,234,41,Kanto,0.03350973713699962,571.0,0.0,4.0,0
41.06,3710.0,318,48,Other,0.030562170226271727,654.0,0.0,5.0,0
13.89,2094.0,29,26,Kansai,0.04426764951318801,687.0,0.0,1.0,0
9.85,1238.0,209,57,Kansai,0.050054042662066624,592.0,0.0,3.0,0
23.65,648.0,67,63,Tokai,0.04467505381447748,691.0,0.0,5.0,0
38.08,2393.0,80,52,Kanto,0.031297243746195004,640.0,0.0,5.0,0
26.16,930.0,36,72,Other,0.03603474440836732,576.0,0.0,5.0,0
24.55,1293.0,9999,27,Other,0.05026928338964245,671.0,0.0,10.0,0
7.86,5714.0,117,28,Other,0.02945090298288531,582.0,0.0,8.0,0
10.93,6232.0,9999,68,Other,0.02452078644371368,583.0,0.0,3.0,0
52.1,2930.0,106,50,Kanto,0.03861455389047549,563.0,0.0,4.0,0
46.29,2247.0,369,59,Tokai,0.039650563079897776,665.0,0.0,2.0,0
44.58,3830.0,9999,37,Kanto,0.039480992259832516,715.0,0.0,3.0,0
45.07,6282.0,6,57,Kansai,0.028433399067428842,601.0,2.0,6.0,0
55.31,2487.0,323,73,Kanto,0.035123651002525305,659.0,0.0,5.0,0
24.14,2985.0,350,23,Kanto,0.032027056101683264,662.0,0.0,6.0,0
6.6,6835.0,307,61,Kanto,0.01706626929776378,655.0,0.0,2.0,0
36.2,1562.0,10,64,Kanto,0.029301243517889073,631.0,0.0,4.0,0
40.16,3636.0,391,41,Other,0.037928025382236184,747.0,0.0,5.0,0
54.37,2630.0,351,73,Other,0.029697539046568376,695.0,0.0,6.0,0
33.81,2007.0,9999,74,Kanto,0.03697571172912723,650.0,0.0,3.0,0
22.1,1097.0,343,44,Other,0.041606020106244916,637.0,0.0,2.0,0
33.76,5105.0,281,39,Kanto,0.02611284742197841,791.0,1.0,5.0,0
54.9,1715.0,9999,47,Other,0.04476315551310615,655.0,0.0,3.0,1
22.69,3433.0,371,59,Kansai,0.036322645866321265,633.0,1.0,9.0,0
15.07,783.0,68,21,Kanto,0.028482043339441272,704.0,2.0,3.0,0
3.98,631.0,311,68,Kansai,0.0379823102747578,695.0,0.0,4.0,0
42.0,6411.0,162,29,Kanto,0.02297244217074642,690.0,0.0,1.0,0
45.93,3862.0,107,34,Kanto,0.036415622596659834,669.0,0.0,4.0,0
22.8,624.0,287,25,Other,0.049057935373635966,713.0,1.0,4.0,0
46.2,913.0,362,22,Other,0.03896418588763489,693.0,0.0,6.0,0
29.13,5806.0,351,55,Kanto,0.02148398536007911,631.0,0.0,7.0,0
6.76,4629.0,77,71,Other,0.024632934091312023,707.0,0.0,3.0,0
33.28,2274.0,9999,30,Kanto,0.04166418729098016,646.0,0.0,7.0,0
16.87,7800.0,144,65,Tokai,0.03891896952109759,689.0,0.0,4.0,0
21.07,2413.0,254,33,Other,0.03914368242039894,578.0,0.0,5.0,0
44.54,2400.0,5,52,Kansai,0.04753493115489133,633.0,1.0,7.0,0
19.25,4467.0,150,21,Other,0.028941898787839995,743.0,0.0,2.0,0
19.12,2771.0,9999,34,Kansai,0.055558646546645385,710.0,2.0,5.0,0
26.26,2722.0,9999,56,Kansai,0.04595964842062618,700.0,0.0,1.0,0
18.69,4329.0,378,48,Kansai,0.03862218533755867,756.0,0.0,2.0,0
0.72,2613.0,10,41,Other,0.03178653896541611,708.0,1.0,3.0,0
23.34,803.0,106,24,Kanto,0.04285281358310885,685.0,0.0,4.0,0
60.46,2478.0,45,54,Kansai,0.04194120765200867,619.0,0.0,2.0,0
39.48,1742.0,55,29,Other,0.0457862832964747,528.0,0.0,5.0,0
17.02,1893.0,9999,64,Kanto,0.041198149242906566,601.0,0.0,3.0,0
34.09,2999.0,151,74,Tokai,0.03355467977702037,641.0,1.0,4.0,0
19.36,1416.0,375,26,Kanto,0.03880723832210386,605.0,0.0,4.0,0
29.18,2130.0,339,42,Kansai,0.045777833423627026,578.0,0.0,0.0,1
8.53,4510.0,9999,40,Kanto,0.031035862906317303,688.0,0.0,2.0,0
27.4,1750.0,64,66,Kanto,0.027046646501239984,705.0,0.0,5.0,0
10.35,4339.0,218,30,Other,0.028092908009697902,602.0,0.0,4.0,0
22.8,1406.0,47,67,Tokai,0.04181991812057494,592.0,0.0,3.0,0
68.91,3443.0,399,23,Kansai,0.04251839521760116,774.0,0.0,2.0,0
25.06,671.0,362,53,Kansai,0.04843620016998569,696.0,1.0,3.0,0
24.46,2561.0,101,42,Tokai,0.04583644986636259,731.0,0.0,8.0,0
22.27,1777.0,9999,69,Kansai,0.05513883074720218,676.0,0.0,6.0,0
23.1,905.0,5,43,Kansai,0.048477516112442345,664.0,1.0,4.0,0
38.69,2878.0,249,22,Kansai,0.04959974079649016,649.0,1.0,2.0,1
60.39,2203.0,90,25,Kanto,0.028573705718353958,668.0,1.0,4.0,1
30.43,3418.0,81,49,Kanto,0.032021350071699095,631.0,0.0,3.0,0
47.66,1072.0,63,35,Tokai,0.04925990560822186,649.0,0.0,2.0,0
52.64,3242.0,268,72,Kanto,0.025022454566915247,698.0,0.0,4.0,0
29.76,729.0,255,51,Kansai,0.05113580115833616,681.0,0.0,3.0,0
35.48,2750.0,186,40,Other,0.03994332722400657,664.0,0.0,3.0,0
32.2,2054.0,9999,27,Other,0.029725559978423723,676.0,0.0,3.0,0
31.17,2393.0,349,59,Kansai,0.03909919346207294,626.0,2.0,5.0,0
27.62,8091.0,9999,20,Kanto,0.02959280871828198,727.0,0.0,5.0,0
41.18,2187.0,249,72,Kanto,0.034884398266946115,755.0,0.0,3.0,0
51.57,598.0,93,23,Kanto,0.0303681302481259,714.0,1.0,4.0,0
24.75,536.0,274,63,Kanto,0.037659921255114186,572.0,1.0,5.0,0
21.9,2369.0,104,22,Other,0.03507395441202905,694.0,0.0,4.0,0
24.0,1662.0,371,69,Other,0.03409269508044185,577.0,0.0,3.0,0
12.48,1825.0,128,22,Kansai,0.048597216671310645,644.0,0.0,4.0,0
8.55,1991.0,155,69,Other,0.036319655753563614,600.0,0.0,4.0,0
54.67,1715.0,9999,34,Other,0.03214463935363378,624.0,1.0,3.0,0
35.11,1624.0,137,30,Other,0.04515273160368254,663.0,0.0,4.0,0
5.37,4262.0,207,55,Kanto,0.02771824862353913,654.0,0.0,4.0,0
27.94,3499.0,205,21,Other,0.04079954676928606,660.0,0.0,2.0,0
30.67,8041.0,251,64,Tokai,0.023780753090772478,634.0,0.0,4.0,0
34.3,2678.0,9999,67,Kansai,0.05178097004090355,611.0,0.0,9.0,0
47.61,1398.0,9999,63,Kanto,0.03807112883963511,588.0,0.0,6.0,1
11.0,1389.0,9999,72,Kanto,0.041689458103616794,669.0,0.0,5.0,0
29.98,4974.0,9999,39,Kansai,0.03632573107976079,655.0,0.0,2.0,0
53.63,1002.0,276,40,Kanto,0.03966248970817345,616.0,0.0,3.0,0
1.47,151.0,377,52,Kansai,0.04516797453266467,545.0,0.0,4.0,1
5.56,2976.0,379,50,Other,0.030321277588030254,593.0,0.0,6.0,0
59.54,10189.0,9999,72,Other,0.02109723050148695,721.0,1.0,5.0,0
39.72,6949.0,9999,32,Kansai,0.0443633441409173,701.0,0.0,4.0,0
10.56,1782.0,256,58,Kansai,0.03895603623690606,607.0,0.0,6.0,0
3.12,787.0,9999,62,Kanto,0.04406867278599024,639.0,0.0,4.0,0
17.1,1261.0,329,39,Kansai,0.04636386863030317,707.0,0.0,4.0,0
44.78,2527.0,11,30,Kansai,0.042261955267464964,737.0,0.0,8.0,0
27.92,1663.0,95,61,Kanto,0.028572235137604058,647.0,0.0,2.0,0
24.92,4254.0,316,51,Kanto,0.026537099600650406,763.0,1.0,5.0,0
8.98,1784.0,292,71,Kansai,0.03422820611487919,612.0,0.0,2.0,0
40.37,9767.0,278,50,Kansai,0.02400011372492107,568.0,0.0,3.0,0
26.45,5655.0,9999,21,Tokai,0.04974418135821019,691.0,0.0,2.0,0
45.5,1533.0,105,44,Kanto,0.03175975485719904,701.0,0.0,8.0,0
38.95,7026.0,127,59,Other,0.024087949029692666,662.0,0.0,3.0,0
38.29,2431.0,368,49,Kansai,0.04603069310233313,726.0,0.0,6.0,0
59.04,3937.0,31,49,Kanto,0.029288445585082565,723.0,0.0,7.0,0
62.05,1865.0,165,30,Other,0.040026852930080334,603.0,0.0,3.0,0
48.72,5019.0,171,70,Kanto,0.030234342281531632,688.0,0.0,5.0,0
9.62,1600.0,145,71,Kansai,0.03845884946448144,750.0,2.0,1.0,0
40.09,890.0,273,32,Kanto,0.039383277317896946,602.0,2.0,6.0,0
55.73,2896.0,337,20,Kanto,0.03524501372990484,594.0,0.0,6.0,0
12.3,2049.0,264,32,Other,0.03758512698654408,657.0,2.0,5.0,0
30.12,746.0,278,61,Kansai,0.053540794107758125,647.0,0.0,1.0,0
14.01,2581.0,319,26,Kanto,0.026568745287782636,637.0,0.0,6.0,0
35.98,4105.0,323,22,Kanto,0.03421500851575984,542.0,1.0,3.0,0
11.05,4261.0,375,23,Kansai,0.03673043884355428,662.0,0.0,3.0,0
24.31,904.0,275,46,Tokai,0.050676124734982175,632.0,0.0,3.0,0
53.19,2897.0,260,69,Tokai,0.03962760074062598,689.0,0.0,4.0,0
16.97,5101.0,371,30,Kanto,0.02390439893457318,634.0,0.0,4.0,0
25.49,1035.0,9999,26,Kanto,0.028372800601765443,626.0,0.0,5.0,0
28.91,2801.0,9999,33,Kansai,0.04491710311954721,624.0,1.0,3.0,0
56.52,3593.0,315,22,Kanto,0.03300702326209188,692.0,0.0,6.0,0
54.41,2911.0,7,67,Kansai,0.03856591672514793,661.0,2.0,7.0,0
20.75,3548.0,9999,58,Kansai,0.03581535855999288,651.0,1.0,1.0,0
19.38,4653.0,361,46,Kanto,0.026889334872031868,619.0,0.0,8.0,0
39.17,2462.0,265,20,Kansai,0.056882337976181176,688.0,0.0,2.0,0
5.49,4532.0,365,57,Other,0.02969547056943039,646.0,1.0,0.0,0
51.32,1667.0,47,45,Tokai,0.05021812889380582,589.0,0.0,4.0,0
6.47,1159.0,9999,31,Kanto,0.036151784108053954,733.0,0.0,2.0,0
39.92,3308.0,9999,73,Kansai,0.04862774311106812,708.0,3.0,2.0,0
33.68,2733.0,9999,57,Other,0.03700618293588781,636.0,0.0,8.0,0
48.92,1110.0,9,49,Kanto,0.03337386161823888,666.0,0.0,2.0,0
32.22,1934.0,271,28,Other,0.04418442841842786,678.0,0.0,6.0,0
12.14,4055.0,395,38,Tokai,0.03610967803312268,759.0,1.0,7.0,0
16.48,6438.0,100,27,Kanto,0.02483550757534586,609.0,0.0,3.0,0
22.31,2468.0,303,23,Kanto,0.03234317065235772,728.0,1.0,3.0,0
74.75,2744.0,80,24,Kansai,0.06108871125903384,669.0,0.0,3.0,0
16.94,1754.0,149,65,Kansai,0.042596488267491635,675.0,0.0,1.0,0
15.52,1344.0,279,48,Other,0.03667811535449417,695.0,0.0,6.0,0
69.88,3173.0,9999,25,Other,0.057981601646249825,609.0,0.0,5.0,0
29.05,4284.0,272,56,Tokai,0.03114199216907298,715.0,0.0,2.0,0
17.42,2919.0,155,64,Kansai,0.03413107714951618,722.0,0.0,9.0,0
39.92,3229.0,95,57,Kanto,0.030789947554125147,707.0,0.0,11.0,0
26.59,6836.0,237,56,Kanto,0.02508534017823248,687.0,1.0,5.0,0
40.2,905.0,34,37,Kansai,0.04753495934839193,621.0,0.0,2.0,0
18.96,4366.0,259,61,Tokai,0.03640119693945948,671.0,0.0,4.0,0
35.48,3782.0,248,35,Kanto,0.02823837867760483,583.0,0.0,7.0,0
12.35,1113.0,9999,65,Other,0.03641661336929513,589.0,0.0,6.0,0
54.92,1999.0,188,22,Kanto,0.04805149686679749,692.0,0.0,1.0,0
13.21,2474.0,9999,22,Kanto,0.025481033868332968,654.0,1.0,6.0,1
29.89,2693.0,364,31,Kansai,0.04038242533466118,694.0,0.0,4.0,0
40.09,4647.0,9999,66,Kanto,0.028648956514927843,573.0,0.0,6.0,0
20.1,3186.0,317,66,Kanto,0.027203741248931355,639.0,0.0,2.0,0
24.19,3683.0,331,69,Kanto,0.02221440950832885,666.0,0.0,4.0,0
12.31,4810.0,329,25,Kanto,0.028292927535136164,670.0,1.0,6.0,0
23.1,4588.0,130,53,Kansai,0.03696691843104603,600.0,0.0,3.0,0
50.68,454.0,9999,69,Kansai,0.0562766251648577,661.0,0.0,7.0,0
30.44,2445.0,275,27,Tokai,0.0418812605694584,686.0,0.0,4.0,0
29.72,5100.0,253,74,Kansai,0.030783608705534912,661.0,0.0,6.0,0
8.01,1460.0,224,40,Kanto,0.03257831817614573,627.0,0.0,3.0,0
23.25,2326.0,98,72,Kansai,0.039901055425792795,599.0,0.0,2.0,0
48.42,1015.0,43,45,Kansai,0.04724251728762164,572.0,0.0,4.0,0
16.93,2238.0,358,20,Kanto,0.036694612739574216,732.0,0.0,6.0,0
16.8,1854.0,308,46,Kanto,0.03301458143662161,658.0,0.0,3.0,0
15.43,2056.0,55,21,Other,0.03767638204688206,707.0,0.0,3.0,0
34.66,5140.0,389,20,Kanto,0.03182730622153262,692.0,0.0,6.0,0
14.54,2038.0,9999,50,Kanto,0.03571166996404563,585.0,0.0,10.0,0
42.32,3383.0,89,72,Other,0.035810551693980355,600.0,2.0,3.0,0
4.44,5259.0,131,39,Tokai,0.030121201848057336,590.0,0.0,2.0,0
17.74,2190.0,9999,27,Kanto,0.0436158609588233,679.0,0.0,7.0,0
45.63,1007.0,182,51,Kansai,0.05439759260848047,690.0,0.0,1.0,0
14.11,3974.0,300,33,Kanto,0.028941485409676497,643.0,1.0,5.0,1
52.4,3747.0,99,46,Tokai,0.04554761687467939,624.0,0.0,4.0,0
15.48,2060.0,288,67,Other,0.03225011261332244,587.0,0.0,0.0,0
10.69,3736.0,301,22,Kanto,0.02447758145456559,728.0,0.0,6.0,0
6.99,2872.0,23,74,Tokai,0.038610986729868305,550.0,1.0,5.0,0
28.17,1823.0,197,28,Tokai,0.044731093250765956,614.0,1.0,3.0,1
4.57,614.0,88,58,Kansai,0.0515532829638968,640.0,0.0,3.0,0
39.07,4139.0,9999,50,Kanto,0.027632456990452855,700.0,1.0,1.0,0
34.51,3156.0,9999,62,Kanto,0.030577514826861066,685.0,1.0,0.0,0
32.99,3490.0,9999,56,Kanto,0.031607185974931236,636.0,0.0,3.0,0
6.68,4218.0,363,27,Kanto,0.028984017087781377,688.0,0.0,3.0,0
10.57,1571.0,244,61,Kanto,0.03289307210883191,639.0,0.0,8.0,0
53.58,2013.0,9999,68,Kanto,0.044355427001253535,678.0,0.0,4.0,0
15.96,2062.0,60,25,Tokai,0.04254315647669008,637.0,0.0,4.0,0
50.07,5744.0,354,27,Kanto,0.0237668577713739,684.0,0.0,3.0,0
19.25,1457.0,9999,51,Tokai,0.05587360133019565,674.0,1.0,2.0,0
16.58,2319.0,337,37,Other,0.030991477575218054,741.0,0.0,2.0,0
28.71,4019.0,177,24,Kanto,0.02931894920717841,696.0,1.0,5.0,0
23.79,500.0,140,21,Kanto,0.044289617085641844,662.0,0.0,2.0,0
21.26,3049.0,61,61,Kansai,0.03691758138156364,537.0,1.0,5.0,0
24.25,2311.0,87,40,Kansai,0.04393103227276626,678.0,0.0,1.0,0
30.25,984.0,212,50,Tokai,0.051803663061699416,636.0,1.0,6.0,0
56.86,4445.0,57,30,Kansai,0.03982764783726104,704.0,2.0,2.0,0
23.72,1668.0,308,47,Kanto,0.03612186958164758,618.0,0.0,3.0,0
43.48,2200.0,303,67,Tokai,0.04136517575876433,611.0,0.0,8.0,0
45.48,3029.0,325,31,Tokai,0.043277763822647114,697.0,0.0,2.0,0
43.2,3979.0,26,41,Kansai,0.04222109500531847,648.0,1.0,2.0,0
23.18,7834.0,214,43,Kanto,0.019610155456639737,689.0,0.0,4.0,0
49.15,3696.0,9999,61,Kanto,0.03833507895603646,649.0,0.0,5.0,0
34.27,4471.0,91,40,Kanto,0.03104379734900554,640.0,0.0,5.0,0
10.93,2324.0,324,34,Kansai,0.04581048994311539,603.0,1.0,6.0,0
31.57,4205.0,28,57,Kansai,0.03629201777466393,589.0,0.0,6.0,0
4.26,2884.0,277,41,Kansai,0.03630148275237219,584.0,1.0,3.0,0
44.02,3271.0,327,24,Other,0.03366998259737738,609.0,0.0,10.0,0
34.93,4950.0,386,34,Kanto,0.0265128452014656,697.0,0.0,4.0,0
50.23,5798.0,9999,46,Tokai,0.041623173645363956,606.0,0.0,5.0,0
27.44,1477.0,156,41,Kanto,0.034686970964758854,723.0,0.0,2.0,0
38.26,1225.0,198,23,Kanto,0.03402728135654082,708.0,0.0,6.0,0
21.63,1893.0,9999,45,Kanto,0.029591954285251923,673.0,0.0,5.0,0
27.91,3702.0,9999,28,Kanto,0.03979120512631316,711.0,0.0,3.0,0
48.5,2023.0,396,71,Kansai,0.04119126489468064,675.0,1.0,4.0,0
56.46,2606.0,7,24,Kanto,0.04090420559397281,677.0,0.0,6.0,0
13.53,1779.0,238,64,Tokai,0.034699572989587174,708.0,0.0,5.0,0
32.43,2636.0,285,31,Kanto,0.0277651048150549,638.0,0.0,5.0,0
39.4,3216.0,9999,26,Kanto,0.04404768072611452,687.0,1.0,3.0,0
23.41,1905.0,9999,37,Kansai,0.05902347818454351,611.0,0.0,5.0,0
10.05,752.0,119,59,Kanto,0.0339486578019673,577.0,0.0,3.0,0
31.12,2586.0,298,44,Kansai,0.04428376139610389,627.0,0.0,7.0,0
25.88,2030.0,13,67,Kanto,0.032618670540706725,590.0,0.0,3.0,0
21.72,1131.0,9999,39,Kanto,0.047141209878531216,735.0,0.0,2.0,0
19.6,961.0,323,61,Kanto,0.029491583871299906,665.0,1.0,4.0,0
19.46,1060.0,109,24,Tokai,0.0534879899912058,596.0,0.0,5.0,0
8.51,5961.0,375,53,Other,0.02302268531223764,592.0,0.0,0.0,0
17.08,6149.0,79,62,Kansai,0.03294648053663123,625.0,0.0,2.0,0
55.91,4171.0,383,58,Kansai,0.0356463971453805,722.0,0.0,4.0,0
5.69,5498.0,29,52,Kanto,0.02568330803042776,513.0,0.0,5.0,0
11.09,4430.0,9999,32,Kanto,0.024129241193478895,620.0,1.0,4.0,0
2.03,3005.0,180,49,Kansai,0.03419869045424145,625.0,0.0,4.0,0
15.24,2735.0,302,42,Kansai,0.03947186073267628,750.0,0.0,2.0,0
40.16,3563.0,334,52,Tokai,0.036456338779418104,627.0,0.0,2.0,0
19.35,6826.0,277,58,Kansai,0.026214997718047146,639.0,3.0,5.0,0
24.3,2550.0,40,49,Other,0.03630048443158808,625.0,1.0,4.0,0
11.98,2522.0,387,71,Other,0.02674727620824932,648.0,1.0,4.0,0
57.59,801.0,330,24,Kansai,0.04646634443415121,699.0,0.0,1.0,0
24.67,7713.0,6,30,Kanto,0.022752107319004587,636.0,1.0,2.0,0
7.69,2643.0,171,51,Kansai,0.037792270835463666,701.0,0.0,4.0,0
34.24,3689.0,9999,30,Kansai,0.03914211657954434,621.0,1.0,2.0,1
10.95,5816.0,189,51,Kanto,0.025304557290359228,608.0,0.0,3.0,0
46.15,6281.0,9999,47,Kansai,0.043733593593972754,651.0,0.0,2.0,0
5.87,3929.0,173,46,Kanto,0.02616955722866404,650.0,1.0,3.0,0
5.87,2504.0,26,61,Other,0.030565432792345984,594.0,0.0,0.0,0
12.08,3592.0,181,36,Kansai,0.0366811692353647,606.0,0.0,7.0,0
38.04,658.0,387,20,Tokai,0.06169321315433213,650.0,0.0,4.0,0
34.42,2839.0,9999,51,Kansai,0.045083180614346095,642.0,0.0,3.0,0
42.4,685.0,153,38,Kanto,0.03968695861496048,567.0,0.0,3.0,0
36.72,3573.0,389,37,Kanto,0.03141707157716548,584.0,0.0,4.0,0
17.66,3540.0,196,71,Tokai,0.049557624152908375,519.0,0.0,3.0,0
18.95,1319.0,23,66,Kanto,0.03025132965939681,699.0,1.0,4.0,0
31.57,1948.0,143,24,Kanto,0.027790898132519296,642.0,0.0,2.0,0
22.79,3599.0,384,50,Kanto,0.02845549052799978,634.0,0.0,5.0,1
40.37,3610.0,199,24,Other,0.03284313860474583,680.0,0.0,1.0,0
18.54,4636.0,252,40,Kanto,0.027008270575580764,644.0,0.0,6.0,0
25.57,4452.0,353,57,Kanto,0.028407807969396816,653.0,0.0,2.0,0
49.29,790.0,9999,32,Kansai,0.04652387064024216,721.0,0.0,2.0,0
49.79,2242.0,236,67,Kanto,0.03306246678033346,610.0,0.0,4.0,0
24.48,2510.0,273,46,Other,0.03235300228355296,695.0,1.0,4.0,0
70.69,4321.0,229,53,Other,0.03125535373678926,637.0,0.0,4.0,1
44.05,2097.0,165,64,Kansai,0.05166039564237344,708.0,0.0,2.0,0
10.93,1949.0,52,23,Kansai,0.04128170541040324,608.0,0.0,8.0,0
27.91,2287.0,13,37,Other,0.03475316846132557,616.0,0.0,2.0,0
21.16,7872.0,9999,45,Tokai,0.03215122612709895,558.0,0.0,3.0,0
34.42,8710.0,51,47,Kanto,0.018317935228987337,672.0,0.0,3.0,0
38.88,1957.0,24,68,Tokai,0.03903639684612322,711.0,0.0,2.0,0
24.86,3780.0,279,42,Kansai,0.035217508546011536,607.0,0.0,4.0,0
32.59,2153.0,375,29,Kansai,0.049329081329776446,744.0,0.0,2.0,0
61.61,1695.0,97,70,Other,0.03708315416377994,749.0,1.0,4.0,0
26.37,2738.0,183,49,Tokai,0.03840849114355087,594.0,0.0,6.0,0
20.25,3916.0,31,63,Other,0.02943158559607393,576.0,0.0,4.0,0
22.86,2338.0,182,69,Kanto,0.02816025406155124,545.0,0.0,8.0,0
28.17,2001.0,9999,53,Kanto,0.03081958753895302,652.0,0.0,3.0,0
32.32,1229.0,387,74,Kansai,0.042129200829861935,701.0,0.0,9.0,1
24.54,4731.0,202,45,Kanto,0.02642878269371967,663.0,0.0,6.0,0
40.66,1634.0,353,65,Kansai,0.04182596092662964,664.0,0.0,3.0,1
31.14,1246.0,260,21,Kanto,0.03819060356146406,665.0,0.0,6.0,0
39.61,2957.0,279,27,Tokai,0.04827227247144149,613.0,0.0,4.0,0
43.66,2899.0,269,40,Kansai,0.04751486325196465,646.0,0.0,2.0,0
27.15,1377.0,269,24,Kanto,0.040733696197446885,641.0,1.0,7.0,0
48.51,1035.0,15,40,Kanto,0.046536100201933044,656.0,0.0,4.0,0
1.55,694.0,207,37,Kansai,0.04913083154188749,679.0,0.0,1.0,0
28.0,1081.0,299,23,Kansai,0.0471227395916271,635.0,1.0,3.0,0
18.61,1449.0,214,23,Other,0.03039084351039047,636.0,0.0,5.0,0
11.69,1868.0,232,56,Tokai,0.04330975293913678,674.0,0.0,6.0,0
28.67,4087.0,9999,34,Other,0.03487009223750907,602.0,1.0,7.0,0
45.25,3014.0,80,57,Kansai,0.040017669323628324,664.0,0.0,3.0,0
17.18,2619.0,51,46,Other,0.0336464891885361,658.0,0.0,8.0,0
23.35,3661.0,157,67,Kansai,0.03195003260984047,534.0,0.0,3.0,0
1.59,3149.0,5,67,Other,0.027297028583784844,695.0,2.0,8.0,0
35.24,3222.0,113,73,Kanto,0.02587539482322182,628.0,2.0,6.0,0
53.79,2964.0,15,30,Kanto,0.02921108654698418,632.0,1.0,4.0,0
13.02,4749.0,31,22,Kansai,0.04068252117804062,613.0,0.0,5.0,0
53.04,1911.0,147,45,Kansai,0.04825305346324393,641.0,1.0,3.0,0
0.54,2032.0,160,29,Kansai,0.04699029182378787,589.0,0.0,5.0,0
29.08,959.0,330,48,Kansai,0.049517197015999735,634.0,0.0,3.0,0
21.06,4249.0,374,64,Kanto,0.02190741857942969,661.0,2.0,1.0,0
18.35,3606.0,160,63,Kansai,0.038300556682901256,590.0,0.0,6.0,0
75.01,1390.0,203,22,Tokai,0.045439782379922564,734.0,0.0,3.0,0
38.58,1786.0,244,25,Kanto,0.03674722608136931,657.0,0.0,7.0,0
42.21,1525.0,232,38,Kanto,0.03687685040466212,679.0,0.0,1.0,0
13.74,892.0,9999,23,Kanto,0.04022394448612135,636.0,0.0,5.0,0
53.28,5706.0,210,41,Kanto,0.024052191778240386,563.0,0.0,5.0,0
22.69,4863.0,151,72,Tokai,0.030415578065234306,646.0,0.0,2.0,0
19.31,6569.0,257,32,Other,0.027753201942792245,643.0,0.0,4.0,0
29.0,1365.0,325,55,Kanto,0.037207779343130715,708.0,0.0,2.0,0
19.69,3094.0,304,42,Other,0.030635603395799994,598.0,0.0,4.0,0
34.58,2217.0,9999,37,Kansai,0.05999384094854029,650.0,0.0,6.0,0
35.99,3031.0,260,37,Other,0.03328826156948585,682.0,0.0,10.0,1
0.73,479.0,234,60,Kanto,0.03466926156484541,735.0,0.0,5.0,0
4.68,3490.0,234,55,Kanto,0.023706015539668102,631.0,1.0,4.0,0
6.14,666.0,283,58,Tokai,0.03660239952912406,698.0,0.0,4.0,0
35.27,1409.0,313,61,Tokai,0.039996334214530326,621.0,0.0,3.0,0
21.44,5008.0,218,57,Tokai,0.02905015472437087,605.0,1.0,5.0,1
34.08,1206.0,327,57,Kansai,0.04477663965329125,624.0,1.0,6.0,0
41.24,1602.0,350,50,Kansai,0.04391410650842845,640.0,0.0,6.0,0
3.93,2177.0,9999,59,Other,0.0332021228068684,737.0,0.0,6.0,0
64.34,1714.0,36,27,Tokai,0.05835297188172955,681.0,0.0,2.0,0
17.97,8238.0,20,66,Kanto,0.01760449655080964,612.0,0.0,5.0,0
13.2,4047.0,43,29,Other,0.027238837048924724,618.0,0.0,4.0,0
14.21,7036.0,107,66,Kansai,0.0393084975968534,644.0,1.0,3.0,0
32.03,1230.0,9999,62,Kanto,0.03360175015941393,672.0,0.0,2.0,1
58.35,5339.0,222,43,Other,0.027404043508708946,665.0,1.0,3.0,0
40.88,6508.0,159,30,Tokai,0.03409060485782905,585.0,0.0,2.0,0
3.59,3409.0,293,34,Other,0.02981698804765148,717.0,0.0,5.0,0
26.0,3510.0,126,34,Kanto,0.026738726835457128,585.0,0.0,5.0,0
34.77,1211.0,365,44,Other,0.034649446129136,626.0,0.0,4.0,0
20.62,3501.0,220,43,Kanto,0.027729746864724243,615.0,0.0,9.0,0
33.2,1998.0,37,28,Kansai,0.04332549859211195,695.0,1.0,3.0,0
24.36,2385.0,359,25,Tokai,0.04555411391662238,677.0,1.0,1.0,0
37.13,7762.0,9999,35,Kanto,0.021332395122209774,609.0,1.0,6.0,0
33.93,3481.0,241,30,Other,0.03228185718500462,649.0,1.0,6.0,0
30.93,1575.0,9999,68,Other,0.045544885592551106,732.0,0.0,4.0,0
40.81,2801.0,343,38,Tokai,0.045317786926970284,622.0,0.0,4.0,0
13.0,4330.0,244,66,Kanto,0.024348114066802935,681.0,0.0,7.0,0
20.68,3223.0,373,27,Kanto,0.026049663956564436,638.0,0.0,4.0,1
50.18,10786.0,9999,68,Kansai,0.023732119043837617,609.0,0.0,3.0,0
29.56,1288.0,173,42,Tokai,0.0433690464875786,651.0,0.0,7.0,0
39.31,4939.0,0,49,Kanto,0.027164137434628092,729.0,0.0,3.0,0
52.92,1821.0,9999,44,Kanto,0.044383971718688076,633.0,2.0,4.0,0
65.95,3833.0,9999,36,Other,0.045536161673026036,636.0,0.0,3.0,0
20.25,2404.0,9999,20,Kansai,0.04633017757027198,676.0,0.0,2.0,0
34.12,2627.0,291,46,Kansai,0.04205629035904708,621.0,0.0,3.0,0
44.33,7556.0,119,70,Kansai,0.024289055099165378,692.0,0.0,3.0,0
45.2,2458.0,315,53,Kanto,0.030833015067207273,646.0,1.0,3.0,0
17.66,2005.0,9999,57,Kanto,0.03404793488889756,670.0,0.0,1.0,0
51.61,12518.0,9999,55,Kanto,0.015847788914749045,704.0,0.0,0.0,0
10.97,1696.0,341,52,Kansai,0.04117784915245768,667.0,0.0,6.0,0
13.26,2262.0,303,35,Kansai,0.0430873407660609,651.0,0.0,8.0,0
32.54,3058.0,9999,30,Kansai,0.05118169341997134,676.0,0.0,2.0,0
16.7,762.0,294,57,Other,0.036863655686220936,639.0,0.0,5.0,0
18.53,6128.0,9999,73,Kanto,0.02716649061006622,660.0,1.0,5.0,0
21.89,4155.0,196,59,Kansai,0.03384896772909967,647.0,0.0,4.0,0
24.1,2668.0,191,39,Kanto,0.030244761849008785,654.0,0.0,5.0,0
4.19,2837.0,207,28,Tokai,0.04492577157753025,656.0,1.0,3.0,0
64.92,745.0,174,60,Tokai,0.057260299402833344,675.0,0.0,4.0,0
29.13,3625.0,229,64,Other,0.033499579359325626,684.0,0.0,5.0,0
18.97,839.0,370,68,Kansai,0.04269745795832983,657.0,0.0,4.0,0
23.06,4446.0,237,56,Kanto,0.026934629386286137,675.0,0.0,6.0,0
35.32,4056.0,322,41,Kanto,0.02891114120273373,588.0,0.0,5.0,0
14.13,2313.0,352,49,Kanto,0.02872565589734012,700.0,0.0,4.0,0
10.85,3327.0,219,59,Kanto,0.02707131628185428,682.0,0.0,6.0,0
32.69,2091.0,260,29,Other,0.03606763245801086,644.0,0.0,3.0,0
35.98,2744.0,9999,42,Tokai,0.054772746472048,627.0,1.0,3.0,0
27.83,2739.0,295,64,Other,0.034968296245962635,613.0,0.0,7.0,0
67.42,1597.0,340,29,Kanto,0.030273032001158714,698.0,0.0,7.0,1
22.45,3692.0,9999,25,Kansai,0.056214901291859624,714.0,0.0,4.0,0
40.32,4981.0,80,51,Kansai,0.0368361736626825,718.0,0.0,2.0,0
45.99,2723.0,292,73,Kanto,0.025261897227149353,649.0,0.0,5.0,0
29.32,4001.0,81,69,Kanto,0.021943436602831875,643.0,0.0,3.0,0
30.34,6297.0,9999,31,Tokai,0.03911059930264645,601.0,1.0,3.0,0
26.62,2699.0,292,41,Kansai,0.042946010774787886,663.0,0.0,4.0,0
23.94,3447.0,105,42,Kansai,0.03927672658411637,612.0,0.0,5.0,0
6.73,3563.0,142,56,Kanto,0.02777906144051703,658.0,1.0,5.0,0
54.21,9496.0,9999,33,Kansai,0.03675292504980364,590.0,0.0,3.0,0
16.69,4805.0,213,43,Kanto,0.02582493238226065,637.0,0.0,5.0,0
31.25,5537.0,293,27,Tokai,0.037785104273603494,600.0,0.0,2.0,0
42.51,1829.0,189,51,Other,0.03506712972956517,614.0,0.0,2.0,0
60.35,1731.0,111,47,Kanto,0.03647776701519189,678.0,0.0,3.0,0
48.07,3294.0,137,68,Kanto,0.02979316909788392,669.0,2.0,4.0,0
25.08,2574.0,394,28,Kansai,0.04997855801489859,680.0,0.0,4.0,0
13.7,1702.0,9999,22,Kanto,0.0375526516047166,715.0,0.0,5.0,0
62.45,1233.0,9999,44,Kanto,0.05123746878825344,697.0,0.0,3.0,0
19.18,3513.0,80,58,Kanto,0.02767341395516047,726.0,0.0,5.0,0
3.52,2303.0,9999,65,Kanto,0.031164736317978826,597.0,1.0,5.0,0
8.27,306.0,168,30,Other,0.04550493756486635,591.0,0.0,4.0,0
35.31,3003.0,263,27,Other,0.034235236481660145,615.0,0.0,2.0,0
38.24,2719.0,162,47,Other,0.03272751389110375,636.0,1.0,3.0,0
25.38,1912.0,121,37,Kanto,0.03726391796404334,627.0,1.0,0.0,0
1.93,5879.0,223,55,Tokai,0.027370661780306223,619.0,0.0,5.0,0
41.87,3718.0,9999,61,Other,0.03249731888134284,660.0,0.0,4.0,0
48.49,4609.0,255,63,Other,0.027307124597135957,616.0,0.0,6.0,0
61.47,2290.0,208,70,Other,0.03525186341094287,565.0,0.0,0.0,0
53.67,2908.0,134,21,Kanto,0.026819984076769925,710.0,0.0,7.0,0
16.88,3289.0,9999,59,Kanto,0.029947179744958023,668.0,0.0,3.0,0
7.15,1150.0,359,22,Tokai,0.05185501768633263,651.0,0.0,3.0,0
4.26,1492.0,41,47,Kansai,0.04632970848849255,688.0,0.0,6.0,0
70.27,3411.0,187,27,Tokai,0.052102460755328345,609.0,0.0,10.0,0
46.37,4734.0,261,49,Tokai,0.03453429414897636,637.0,0.0,4.0,0
22.83,1299.0,85,72,Kanto,0.03568066773414719,579.0,0.0,1.0,0
64.89,1646.0,9999,48,Kanto,0.045485278227761286,575.0,0.0,4.0,0
54.52,1144.0,9999,53,Kanto,0.03325148878897253,624.0,1.0,5.0,0
20.77,1602.0,9999,44,Kansai,0.054778375147379675,579.0,0.0,2.0,0
34.27,943.0,158,43,Tokai,0.050500271244500176,619.0,0.0,2.0,0
28.75,5255.0,9999,57,Kanto,0.031909283594836774,778.0,0.0,6.0,0
42.03,4624.0,9999,47,Other,0.03816076345781562,693.0,1.0,3.0,0
19.48,2712.0,7,55,Kansai,0.03685990195500988,712.0,1.0,3.0,0
4.44,4339.0,40,73,Kanto,0.025141736792937863,707.0,0.0,7.0,0
24.39,2649.0,9999,47,Other,0.03650243841019595,601.0,0.0,3.0,0
21.33,5691.0,174,55,Kanto,0.024033032130343662,756.0,0.0,4.0,0
20.7,3484.0,105,34,Tokai,0.037227236216682356,678.0,0.0,5.0,0
27.86,708.0,86,68,Other,0.039491079099890074,655.0,1.0,4.0,0
22.3,1645.0,79,35,Kanto,0.032546227698323806,678.0,0.0,4.0,0
13.66,3274.0,9999,28,Tokai,0.049359425108199635,722.0,0.0,5.0,0
17.54,2664.0,145,48,Kansai,0.03755207472807761,623.0,0.0,3.0,0
5.91,1397.0,300,43,Tokai,0.04255719501726382,655.0,0.0,3.0,0
22.22,3126.0,227,33,Kansai,0.03778451664882719,714.0,0.0,4.0,0
40.09,2820.0,358,37,Kanto,0.033872636415047334,697.0,0.0,1.0,1
27.14,2258.0,9999,73,Tokai,0.03973188897252019,522.0,0.0,5.0,0
52.68,1996.0,100,43,Kansai,0.04758862339218789,754.0,0.0,3.0,0
23.33,3868.0,9999,34,Kanto,0.03656377114517159,711.0,1.0,3.0,0
31.12,7187.0,113,30,Other,0.027956024794547063,593.0,0.0,3.0,0
52.47,3735.0,204,43,Tokai,0.041206258959168005,598.0,2.0,3.0,0
55.97,6940.0,77,30,Other,0.024913281302004195,555.0,1.0,3.0,0
22.67,1328.0,153,70,Kanto,0.02659495690125107,642.0,0.0,5.0,0
13.26,1620.0,26,40,Other,0.035172524665399614,630.0,0.0,3.0,0
40.26,5098.0,389,27,Kanto,0.0322837747180625,577.0,1.0,5.0,0
23.86,1117.0,320,34,Kanto,0.03386702430051742,705.0,0.0,6.0,0
39.11,1779.0,84,29,Other,0.04672690206563468,576.0,0.0,4.0,0
34.95,1545.0,170,31,Kansai,0.04507031469874462,644.0,0.0,5.0,0
53.9,1573.0,185,56,Kansai,0.05357058009974213,753.0,0.0,1.0,0
51.18,3809.0,216,43,Tokai,0.03990024373346552,708.0,0.0,5.0,0
36.38,1357.0,9999,56,Kanto,0.046203516978469174,648.0,0.0,7.0,0
54.45,2114.0,346,73,Other,0.03198979591491622,677.0,0.0,8.0,0
2.14,1113.0,123,48,Tokai,0.046859011988388474,591.0,0.0,4.0,0
30.39,2789.0,92,29,Tokai,0.04025725640992347,598.0,1.0,4.0,0
21.82,3431.0,193,45,Kansai,0.04305388027990622,669.0,0.0,3.0,0
31.55,1289.0,312,59,Kanto,0.03748399051102534,705.0,0.0,4.0,0
17.08,5441.0,40,73,Other,0.020789268841193885,750.0,0.0,4.0,0
26.52,4122.0,9999,49,Kanto,0.031697310131252994,649.0,0.0,7.0,0
12.77,5231.0,261,40,Kanto,0.025006562675368625,668.0,0.0,1.0,0
41.48,1407.0,157,48,Kansai,0.0517072063521912,591.0,0.0,2.0,0
18.06,3236.0,369,66,Other,0.02696133876957588,564.0,0.0,6.0,0
19.31,5959.0,371,31,Kanto,0.025690197272996332,679.0,0.0,3.0,0
25.11,2557.0,384,72,Kanto,0.023889832030441073,626.0,0.0,3.0,1
24.61,1956.0,58,58,Kansai,0.049425492523769356,592.0,0.0,2.0,0
20.61,6078.0,396,47,Kanto,0.024243450490763045,632.0,0.0,9.0,0
18.51,3764.0,88,35,Kanto,0.030344942462598876,664.0,0.0,4.0,0
24.59,3503.0,9999,65,Kansai,0.050244053585924695,707.0,1.0,6.0,0
7.68,2734.0,42,67,Kansai,0.04029428000642372,580.0,0.0,2.0,0
8.13,2024.0,9999,54,Kanto,0.040626841744684984,626.0,1.0,5.0,0
37.4,608.0,9999,44,Tokai,0.04842808450429557,727.0,0.0,7.0,0
34.04,3304.0,21,32,Kanto,0.031010548279466862,701.0,0.0,3.0,0
14.68,4034.0,307,48,Kanto,0.02742955704166823,621.0,1.0,1.0,0
58.56,1563.0,192,57,Kansai,0.04515737769773305,592.0,0.0,3.0,0
28.28,1367.0,53,48,Kansai,0.0474931250705992,627.0,1.0,1.0,0
21.35,3159.0,381,53,Tokai,0.040119759093571475,547.0,1.0,5.0,0
35.6,1244.0,9999,49,Kansai,0.05049387041014729,598.0,0.0,6.0,0
41.38,1486.0,7,65,Kansai,0.04174426034702788,697.0,0.0,2.0,0
29.33,769.0,350,44,Other,0.04207847923654323,653.0,0.0,6.0,0
40.27,4284.0,217,69,Other,0.026096406207728445,631.0,0.0,3.0,0
40.97,4656.0,9999,28,Kansai,0.04559445252837668,611.0,0.0,3.0,0
13.82,5375.0,307,46,Other,0.0276107953589613,614.0,1.0,2.0,0
3.14,1592.0,9999,46,Tokai,0.0604288259536847,628.0,0.0,5.0,0
33.24,4144.0,286,49,Kanto,0.0264748657737996,561.0,0.0,4.0,0
13.6,3323.0,9999,65,Kanto,0.029967970770818867,579.0,1.0,3.0,0
5.86,6287.0,340,50,Kanto,0.02131416614494187,707.0,0.0,3.0,0
54.26,4854.0,279,22,Kanto,0.026888846150513915,626.0,0.0,5.0,0
62.98,4340.0,207,48,Kansai,0.03638237537974629,598.0,0.0,7.0,0
58.44,4039.0,9999,26,Kanto,0.0405618204902101,713.0,0.0,6.0,0
57.17,6849.0,57,69,Kanto,0.02036022416776713,678.0,1.0,5.0,0
36.01,1467.0,140,64,Other,0.0406810989660555,648.0,1.0,7.0,0
33.11,3728.0,173,38,Kanto,0.029502246233580866,630.0,1.0,3.0,0
20.09,1938.0,9999,36,Kansai,0.05864772846446205,621.0,0.0,5.0,0
4.9,1757.0,17,73,Kansai,0.03717032308269828,631.0,0.0,5.0,1
12.33,9177.0,9999,54,Kanto,0.021585252916620733,652.0,0.0,3.0,0
13.97,1565.0,216,68,Other,0.03344601623203937,586.0,0.0,4.0,0
57.91,5062.0,314,32,Tokai,0.04163717147201174,688.0,0.0,6.0,0
41.54,4552.0,9999,67,Tokai,0.031776444439715036,676.0,1.0,6.0,0
42.65,1953.0,361,36,Other,0.03244975616601058,674.0,0.0,8.0,0
33.71,4154.0,235,37,Kansai,0.03518722787967701,564.0,0.0,3.0,0
51.7,2538.0,9999,67,Kanto,0.0339357329111799,660.0,0.0,5.0,0
60.69,4680.0,318,33,Kanto,0.03249350694530182,671.0,0.0,2.0,0
44.02,2156.0,282,52,Kanto,0.03174068300184515,653.0,0.0,5.0,0
12.06,8168.0,9999,67,Kansai,0.03620455559125314,630.0,1.0,2.0,0
31.6,1300.0,130,26,Kanto,0.04084430505883118,635.0,0.0,4.0,0
49.76,2254.0,11,49,Kanto,0.034163610479649206,669.0,1.0,1.0,0
35.3,2342.0,70,73,Other,0.037590488326318325,585.0,1.0,2.0,0
44.72,4087.0,9999,32,Kansai,0.05223868069562698,683.0,1.0,6.0,0
28.14,1281.0,369,44,Tokai,0.045776777670740114,670.0,0.0,5.0,0
37.96,1796.0,166,25,Kanto,0.028362402690715216,603.0,0.0,5.0,0
66.18,4197.0,292,45,Tokai,0.03631664114709498,724.0,0.0,2.0,0
44.06,7872.0,389,73,Tokai,0.021642648486869014,630.0,0.0,3.0,0
14.93,2636.0,9999,68,Kansai,0.035834375381129144,681.0,0.0,6.0,1
62.02,4543.0,9999,58,Kanto,0.03211342443082994,653.0,0.0,5.0,0
36.46,8540.0,220,69,Kansai,0.027297119494856695,656.0,1.0,4.0,0
56.61,5704.0,9999,27,Kanto,0.035204320855361626,638.0,0.0,3.0,0
21.27,2518.0,106,67,Kanto,0.02985356437081551,590.0,0.0,5.0,0
31.77,1484.0,95,70,Kansai,0.03847316972022569,582.0,0.0,7.0,0
60.97,1958.0,9999,66,Tokai,0.05373242864269396,629.0,0.0,1.0,0
42.92,1639.0,9999,35,Other,0.050192892179058084,662.0,2.0,5.0,0
43.91,3264.0,312,66,Kanto,0.033146306990919895,630.0,1.0,2.0,0
23.38,3073.0,23,20,Kanto,0.03594838329852715,706.0,0.0,2.0,0
27.35,2671.0,117,73,Tokai,0.031256975561424205,567.0,0.0,4.0,0
19.64,4786.0,325,50,Kanto,0.026166767525775056,680.0,0.0,2.0,0
20.7,4129.0,276,60,Tokai,0.029329537245285486,699.0,0.0,1.0,0
30.93,2176.0,38,21,Tokai,0.04411490813610884,614.0,1.0,3.0,0
33.25,2082.0,9999,24,Kansai,0.06111527190600103,638.0,1.0,1.0,0
57.3,3378.0,9999,21,Other,0.04760635771231235,651.0,1.0,6.0,0
34.14,3429.0,9999,57,Kansai,0.045524346732833655,650.0,1.0,4.0,0
44.57,1271.0,283,22,Kanto,0.03383610585433291,615.0,0.0,4.0,0
32.98,888.0,257,65,Kansai,0.04259274269174749,560.0,0.0,3.0,0
16.97,3800.0,11,67,Kansai,0.030721320887067326,617.0,0.0,5.0,0
28.2,2224.0,10,52,Kanto,0.02952763938042235,631.0,0.0,4.0,0
40.26,2245.0,25,71,Kansai,0.052754871876685504,693.0,1.0,6.0,0
19.54,9904.0,304,51,Kansai,0.021563544070926612,645.0,0.0,2.0,0
39.93,1817.0,307,66,Kansai,0.0412302269345301,599.0,0.0,3.0,0
32.1,1416.0,249,36,Kanto,0.03717877756302435,609.0,0.0,8.0,0
39.95,7614.0,153,37,Tokai,0.026832712022844853,720.0,0.0,1.0,0
34.55,3480.0,141,74,Kanto,0.03273209072676889,638.0,0.0,2.0,0
36.72,523.0,362,73,Other,0.034539634484698684,663.0,1.0,3.0,0
16.81,1300.0,369,20,Tokai,0.04356376974073372,669.0,1.0,5.0,0
42.31,1695.0,348,20,Tokai,0.04410039004214572,719.0,0.0,4.0,0
10.17,5620.0,9999,21,Kanto,0.03612887228711898,702.0,1.0,2.0,0
13.77,2519.0,209,43,Other,0.034487711737180134,640.0,0.0,5.0,0
26.37,1375.0,9999,39,Kanto,0.043163227563848425,682.0,1.0,4.0,0
25.04,8548.0,137,61,Kansai,0.023028405837725172,691.0,0.0,7.0,0
65.39,1345.0,326,54,Kansai,0.04256463361570641,681.0,1.0,1.0,0
33.2,3972.0,290,72,Other,0.02820094619623905,648.0,0.0,6.0,0
22.14,2408.0,9999,69,Other,0.041932069914705904,590.0,0.0,1.0,0
25.62,1807.0,10,49,Kansai,0.04467254313035529,758.0,0.0,9.0,0
12.76,1733.0,384,23,Kanto,0.03483691453475139,574.0,0.0,4.0,0
75.35,3970.0,9999,62,Tokai,0.04301665202253616,632.0,0.0,6.0,0
3.83,3258.0,169,71,Tokai,0.026987435365719393,674.0,0.0,5.0,0
52.23,941.0,380,42,Kansai,0.05595416300198159,665.0,1.0,6.0,0
73.14,1641.0,156,31,Tokai,0.0587314414689376,753.0,0.0,2.0,0
19.8,2464.0,114,37,Kansai,0.03936694848336667,602.0,0.0,4.0,0
45.31,346.0,338,37,Other,0.049225392562588864,614.0,0.0,1.0,0
16.14,1925.0,93,69,Kansai,0.03524689176259625,619.0,0.0,2.0,0
8.4,1503.0,340,73,Tokai,0.04233997977025922,664.0,0.0,5.0,0
17.32,7318.0,197,43,Other,0.021193436557688496,780.0,0.0,4.0,0
21.91,1855.0,333,34,Tokai,0.04345294130214788,748.0,0.0,5.0,0
51.85,2173.0,9999,24,Kansai,0.05884312863984837,622.0,0.0,3.0,0
27.93,1182.0,9999,21,Tokai,0.0685895106252457,605.0,0.0,2.0,0
45.97,3462.0,9999,49,Other,0.04190949544892333,631.0,0.0,2.0,0
16.76,1352.0,9999,71,Kanto,0.042540895412586814,657.0,1.0,6.0,0
42.83,4196.0,54,56,Kansai,0.044783421565650856,616.0,1.0,2.0,0
24.7,1072.0,9999,39,Kansai,0.06268157301493343,662.0,1.0,6.0,0
36.29,2948.0,332,63,Kanto,0.03278850110338186,619.0,0.0,2.0,0
27.2,5255.0,390,58,Kansai,0.030033133684365956,660.0,0.0,2.0,0
32.06,1826.0,91,25,Kanto,0.03948531954561075,715.0,0.0,5.0,0
57.08,2086.0,9999,35,Other,0.031791878770473174,765.0,0.0,8.0,1
31.99,2976.0,239,50,Other,0.033462385056335836,736.0,0.0,2.0,0
28.65,1882.0,9999,55,Kansai,0.04783841278492397,672.0,0.0,5.0,1
42.54,8300.0,173,60,Other,0.023329749456644292,657.0,0.0,4.0,0
41.16,6122.0,111,52,Kansai,0.032990885666027266,634.0,0.0,6.0,0
26.79,1347.0,228,38,Kanto,0.036009789251297386,664.0,1.0,2.0,0
47.18,2286.0,201,22,Tokai,0.05473898373659227,693.0,0.0,4.0,0
8.88,1667.0,374,20,Kansai,0.04993158173760926,637.0,0.0,5.0,0
46.89,2298.0,329,60,Other,0.04133889866450149,677.0,0.0,4.0,0
34.84,450.0,358,47,Kansai,0.047782102872287485,562.0,2.0,4.0,1
18.39,2071.0,380,58,Kanto,0.027504150144247612,765.0,0.0,3.0,0
5.96,2851.0,293,32,Kanto,0.030634509425493936,470.0,0.0,3.0,0
18.16,1896.0,9999,30,Tokai,0.04325688103014789,661.0,0.0,0.0,0
19.14,2934.0,305,41,Kanto,0.02983606456245603,710.0,0.0,3.0,0
21.21,5861.0,368,68,Kanto,0.027716946407179362,710.0,1.0,2.0,0
27.75,1390.0,350,31,Kansai,0.05067455473005064,518.0,0.0,4.0,0
43.1,4080.0,109,40,Kanto,0.027304877261931787,649.0,1.0,3.0,0
36.25,4202.0,9999,24,Other,0.04241892563712268,642.0,0.0,3.0,0
3.05,6041.0,9999,43,Kansai,0.03687211973120927,734.0,1.0,5.0,0
37.59,3700.0,9999,27,Other,0.02752734956605262,624.0,0.0,7.0,1
21.2,7267.0,223,21,Kansai,0.029846536226981576,646.0,0.0,1.0,0
23.84,2208.0,328,68,Tokai,0.03446350330831669,714.0,0.0,2.0,0
13.65,2259.0,175,42,Kanto,0.03055420058087133,516.0,0.0,2.0,0
12.16,3701.0,215,22,Tokai,0.04301313470004506,590.0,1.0,2.0,0
1.37,2291.0,10,56,Kanto,0.02958396494739703,707.0,1.0,3.0,0
11.7,4015.0,315,73,Tokai,0.0484864320782516,736.0,0.0,7.0,0
33.28,3248.0,218,68,Kanto,0.02638750922081549,678.0,1.0,3.0,0
45.95,4267.0,9999,33,Kanto,0.03602420317257116,672.0,0.0,6.0,0
50.68,7484.0,356,60,Kansai,0.03037987413291341,607.0,0.0,3.0,0
17.97,4842.0,377,50,Other,0.029299329469550855,636.0,0.0,2.0,0
48.81,842.0,331,67,Kanto,0.0315903180583367,618.0,0.0,3.0,0
26.1,1988.0,296,24,Kanto,0.035075673690201044,618.0,0.0,6.0,0
41.05,1369.0,388,64,Other,0.03357624349399,679.0,1.0,4.0,0
4.82,1338.0,163,67,Kanto,0.030071799584418864,589.0,0.0,5.0,0
36.2,2861.0,204,25,Kanto,0.02680721417635617,622.0,1.0,4.0,0
41.59,6174.0,9999,61,Kansai,0.037083371457905114,623.0,0.0,4.0,0
8.84,790.0,248,62,Other,0.03625610104737996,573.0,0.0,4.0,0
19.46,2648.0,109,44,Kanto,0.03091885439249039,686.0,1.0,4.0,0
35.87,2347.0,9999,58,Kansai,0.05414646852912662,672.0,0.0,1.0,0
44.8,7124.0,304,58,Kansai,0.03040250262425557,677.0,0.0,3.0,0
46.42,3225.0,138,68,Tokai,0.0377788136657303,736.0,1.0,3.0,0
19.9,2221.0,389,35,Kansai,0.04743977447434251,701.0,1.0,2.0,0
15.48,5028.0,9999,60,Kansai,0.036163082002172796,606.0,0.0,2.0,0
20.59,1274.0,9999,60,Other,0.04620715121886485,574.0,0.0,8.0,0
15.57,5337.0,9999,51,Kanto,0.033271479253190975,602.0,0.0,7.0,0
23.38,3146.0,102,70,Other,0.03130139314239698,677.0,0.0,4.0,0
8.36,3171.0,76,51,Tokai,0.03568876497698575,633.0,0.0,5.0,0
20.77,797.0,9999,55,Kanto,0.03878734978387973,677.0,0.0,2.0,0
10.81,1660.0,120,27,Kanto,0.03388081944349826,676.0,0.0,5.0,0
52.6,6095.0,34,26,Kanto,0.029610043710136414,753.0,1.0,2.0,0
11.13,7950.0,163,49,Tokai,0.03066368920302075,727.0,0.0,3.0,0
34.74,1704.0,345,21,Other,0.03881369520372149,703.0,0.0,2.0,0
32.96,7779.0,30,36,Kansai,0.03162988094246557,683.0,0.0,6.0,0
35.99,2418.0,9999,23,Kansai,0.06697552692864171,661.0,0.0,4.0,0
27.16,916.0,276,49,Tokai,0.04594116371818373,626.0,1.0,6.0,0
39.86,577.0,331,69,Kanto,0.03735026604205313,576.0,1.0,7.0,0
36.43,5178.0,217,67,Kanto,0.024486221703324162,617.0,0.0,6.0,0
30.43,4719.0,29,27,Kanto,0.027359115903045756,599.0,0.0,2.0,0
18.83,937.0,236,49,Kanto,0.032744464962981994,653.0,0.0,6.0,0
18.09,2037.0,9999,59,Tokai,0.04918362125278109,585.0,0.0,4.0,0
44.4,1915.0,366,34,Other,0.04686321294176512,584.0,1.0,4.0,0
10.67,1418.0,155,28,Kanto,0.028350788026371,615.0,0.0,5.0,0
52.77,1472.0,228,71,Tokai,0.05727225287492368,618.0,1.0,2.0,0
27.35,6084.0,9999,52,Other,0.026740094792398042,642.0,0.0,2.0,0
26.09,1263.0,9999,23,Kanto,0.048796316305187916,684.0,1.0,2.0,0
27.37,330.0,281,33,Kanto,0.03999526942282378,656.0,0.0,4.0,0
42.32,4690.0,9999,54,Kanto,0.03048130922551799,613.0,0.0,4.0,0
36.67,1361.0,9999,34,Other,0.048706681596664046,601.0,2.0,5.0,0
27.1,3569.0,127,43,Kanto,0.03166775592496967,662.0,0.0,5.0,0
25.84,6338.0,236,55,Kanto,0.02321245348591504,652.0,0.0,3.0,0
28.48,325.0,9999,38,Other,0.05397980037964948,687.0,0.0,5.0,0
17.94,3673.0,198,63,Kanto,0.026972910808757234,627.0,0.0,3.0,0
34.28,2072.0,9999,25,Tokai,0.060097644155116814,672.0,0.0,2.0,0
27.82,2916.0,37,45,Kanto,0.030710985076774094,623.0,1.0,3.0,0
38.48,5743.0,278,59,Tokai,0.02874342609767957,598.0,0.0,3.0,0
23.15,4635.0,183,40,Tokai,0.03099561192970214,678.0,0.0,1.0,1
18.8,3709.0,274,72,Tokai,0.04943079226241788,631.0,0.0,6.0,0
24.43,2077.0,9999,28,Kansai,0.04153632214918839,631.0,0.0,6.0,0
38.81,3220.0,47,52,Other,0.037250484709120915,670.0,0.0,2.0,0
12.43,3734.0,289,24,Kanto,0.030576470049039597,606.0,0.0,7.0,0
9.33,1836.0,271,73,Kansai,0.037590044185132114,659.0,0.0,6.0,0
55.49,1406.0,169,43,Kanto,0.03816694045364787,684.0,0.0,3.0,0
18.38,664.0,233,62,Kansai,0.044637060005735966,585.0,1.0,3.0,0
27.02,3459.0,369,63,Kanto,0.030792785022939483,669.0,0.0,5.0,0
7.41,2936.0,0,31,Kanto,0.031017821998386354,670.0,1.0,5.0,0
37.52,3996.0,9999,22,Kansai,0.037267184605104205,741.0,0.0,5.0,0
22.08,1599.0,9999,35,Kanto,0.028657282720805116,681.0,0.0,2.0,0
3.65,493.0,122,59,Kansai,0.04755275066189963,605.0,1.0,8.0,0
30.04,542.0,199,46,Kansai,0.04711056054960273,613.0,0.0,5.0,0
35.7,662.0,164,25,Other,0.05127083522100469,627.0,0.0,0.0,0
17.22,3478.0,385,61,Kansai,0.033593572525834316,649.0,0.0,4.0,0
27.09,3602.0,9999,57,Kanto,0.03571122862269947,671.0,1.0,0.0,0
26.96,8775.0,348,51,Kansai,0.024435885071988572,652.0,0.0,3.0,0
62.08,2828.0,375,36,Tokai,0.04400769259244674,642.0,0.0,6.0,0
46.88,1164.0,9999,61,Other,0.04578799697121148,644.0,0.0,4.0,0
25.42,6178.0,3,21,Kanto,0.027121052761551818,723.0,0.0,5.0,0
10.64,1417.0,9999,28,Kanto,0.02758027640623581,655.0,1.0,5.0,0
35.01,1549.0,268,60,Kansai,0.046527953576748424,608.0,0.0,5.0,1
30.72,1012.0,3,44,Kanto,0.03676114111329387,613.0,2.0,6.0,0
46.29,2510.0,272,43,Tokai,0.04460712308665576,713.0,0.0,5.0,0
15.32,1699.0,225,49,Other,0.03380772173242472,627.0,0.0,3.0,0
12.62,434.0,200,29,Kansai,0.05610705855884185,622.0,1.0,2.0,0
31.52,9638.0,9999,62,Kanto,0.02137286635096315,557.0,0.0,5.0,0
36.19,2998.0,380,38,Kansai,0.043308454773694015,668.0,0.0,3.0,0
23.81,1285.0,353,42,Kanto,0.03099110761209432,648.0,1.0,6.0,0
41.99,4353.0,132,48,Tokai,0.035921726236279254,705.0,0.0,4.0,0
46.56,1947.0,342,23,Kansai,0.0430928935267241,715.0,0.0,4.0,0
36.07,1491.0,207,34,Kansai,0.0458404958423127,657.0,0.0,5.0,0
26.17,3801.0,162,32,Kanto,0.026098682635066615,617.0,0.0,6.0,0
17.46,1745.0,9999,41,Kansai,0.05399610667815647,554.0,0.0,2.0,0
33.35,2020.0,4,58,Kansai,0.04980216057023645,656.0,0.0,4.0,1
28.27,734.0,258,44,Kansai,0.05098422017121246,614.0,1.0,5.0,0
37.28,4470.0,9999,40,Kansai,0.050333713397446904,619.0,0.0,5.0,0
46.29,2580.0,270,44,Tokai,0.0423364173806304,605.0,0.0,8.0,0
11.29,2242.0,152,42,Kanto,0.03157811993464501,594.0,0.0,6.0,0
18.5,3319.0,232,49,Other,0.03127227016282515,591.0,0.0,4.0,0
24.41,2199.0,235,57,Kansai,0.04138987464743324,631.0,0.0,5.0,0
10.04,2685.0,71,41,Kanto,0.029272887704273665,695.0,0.0,2.0,0
27.09,3681.0,344,44,Kansai,0.04015879870673254,630.0,0.0,5.0,0
12.36,5517.0,296,55,Kansai,0.02851895970366471,624.0,0.0,5.0,0
21.26,3528.0,374,32,Kansai,0.04394403281917127,716.0,0.0,3.0,0
1.78,2783.0,75,48,Kanto,0.028892187207579526,650.0,1.0,7.0,0
11.76,3456.0,21,26,Other,0.034238752550121015,686.0,0.0,3.0,0
10.51,1169.0,9999,64,Kanto,0.03232380117006413,561.0,1.0,8.0,0
38.72,2991.0,9999,50,Kanto,0.04072889395202497,684.0,1.0,4.0,0
41.48,1929.0,97,48,Kansai,0.04674180783784084,537.0,0.0,1.0,0
17.42,3617.0,72,67,Tokai,0.029161441351121108,595.0,0.0,4.0,0
10.41,1513.0,225,68,Kanto,0.031811115428569674,553.0,0.0,7.0,0
51.95,1943.0,84,50,Kansai,0.052453752994425874,555.0,0.0,4.0,0
26.71,1470.0,273,63,Kansai,0.04376047988707723,685.0,0.0,5.0,0
37.93,1379.0,304,60,Other,0.03582448806089849,561.0,1.0,4.0,0
52.62,3017.0,347,72,Other,0.03691588179374335,625.0,0.0,7.0,0
12.48,2971.0,362,59,Kanto,0.028276349340167338,676.0,0.0,2.0,1
25.08,1248.0,9999,45,Kanto,0.04643927232768267,620.0,0.0,7.0,0
28.06,3450.0,9999,42,Tokai,0.04888259246654874,638.0,0.0,4.0,0
34.66,2807.0,389,68,Kanto,0.025165517804019315,616.0,1.0,1.0,0
29.43,1351.0,306,41,Kanto,0.03961477962535312,693.0,0.0,2.0,0
19.71,4593.0,387,72,Kanto,0.03006863742879074,720.0,0.0,5.0,0
38.68,2377.0,62,72,Other,0.032705372558262794,583.0,0.0,6.0,0
25.56,3663.0,147,25,Kanto,0.033515717874221924,692.0,0.0,1.0,0
22.44,2761.0,380,33,Kanto,0.032984444137410876,696.0,0.0,2.0,0
60.1,4756.0,120,69,Kanto,0.030932166654407102,720.0,0.0,1.0,0
25.67,2765.0,147,57,Kansai,0.047305839036207886,671.0,0.0,2.0,0
8.33,2904.0,4,24,Other,0.03204754495175308,714.0,1.0,8.0,0
81.97,3810.0,56,67,Other,0.03235411120622555,649.0,0.0,3.0,1
48.54,5555.0,329,72,Kanto,0.027113179290195768,611.0,1.0,4.0,0
44.36,1561.0,117,61,Tokai,0.0442448359977267,741.0,1.0,7.0,0
27.42,543.0,9999,45,Kanto,0.031913569093868666,657.0,0.0,2.0,0
31.47,1487.0,176,32,Kanto,0.036422272315502845,642.0,0.0,5.0,0
43.09,1343.0,36,36,Other,0.036186328549600674,591.0,0.0,6.0,0
9.71,3099.0,168,49,Kanto,0.029103178874996097,662.0,1.0,5.0,0
13.54,2192.0,205,33,Kanto,0.0280109129915688,668.0,0.0,3.0,0
44.94,5610.0,9999,31,Kanto,0.03146084222510958,621.0,0.0,3.0,0
40.79,2017.0,213,30,Kanto,0.04219435963280564,680.0,0.0,1.0,0
30.73,484.0,361,24,Kansai,0.05763017386034332,576.0,1.0,3.0,0
15.12,969.0,9999,53,Kanto,0.035567843282389766,664.0,1.0,5.0,0
10.86,3648.0,84,50,Kanto,0.02498354130461568,623.0,1.0,4.0,0
10.95,883.0,331,63,Kanto,0.031966332887791604,625.0,0.0,0.0,0
10.81,2501.0,292,44,Kanto,0.03079258959779891,621.0,1.0,1.0,0
7.21,1811.0,150,29,Kanto,0.03436597735365395,641.0,0.0,7.0,0
8.73,2382.0,183,69,Kansai,0.049943478350225695,690.0,0.0,4.0,0
2.69,3190.0,107,56,Tokai,0.03475331677693706,671.0,0.0,6.0,0
30.46,2119.0,193,70,Other,0.03177053208763718,582.0,0.0,3.0,0
22.79,3300.0,324,49,Other,0.03358854401505235,618.0,0.0,2.0,0
17.27,11459.0,107,40,Kansai,0.020612340338920395,563.0,0.0,5.0,0
43.11,5791.0,151,59,Tokai,0.030360816914499874,694.0,0.0,3.0,0
39.03,2338.0,9999,45,Other,0.04179810660105807,702.0,0.0,0.0,0
28.79,1373.0,269,55,Kansai,0.04284639356049834,647.0,0.0,7.0,0
40.16,946.0,9999,40,Tokai,0.04867417731209231,677.0,0.0,1.0,1
57.11,2059.0,298,31,Kanto,0.037165375672325925,716.0,0.0,6.0,0
55.88,4334.0,9999,46,Kanto,0.03570725296933754,666.0,0.0,3.0,0
30.24,4005.0,381,47,Other,0.0306074978597589,694.0,0.0,4.0,0
9.48,2845.0,364,70,Other,0.0349748468530379,648.0,0.0,1.0,1
52.54,2770.0,49,40,Tokai,0.046512063619374704,710.0,0.0,1.0,0
15.05,1247.0,398,69,Tokai,0.03524842976913989,688.0,0.0,4.0,0
30.34,1208.0,29,33,Kanto,0.03700425455395069,691.0,0.0,2.0,0
24.24,2628.0,63,58,Other,0.03178284795904516,685.0,2.0,5.0,0
5.1,1373.0,1,28,Kanto,0.028231804895164393,584.0,0.0,2.0,0
21.63,2958.0,54,42,Tokai,0.03837303623580789,676.0,0.0,7.0,0
79.48,3360.0,9999,57,Kansai,0.05433530352756682,645.0,2.0,3.0,0
16.5,387.0,261,67,Kanto,0.035868587148758596,644.0,0.0,6.0,0
15.29,6528.0,92,26,Kanto,0.02513702657581725,656.0,1.0,6.0,0
31.12,2668.0,140,59,Tokai,0.04975274266551974,638.0,1.0,4.0,1
3.99,2985.0,258,27,Kanto,0.03049576851070856,670.0,0.0,4.0,0
18.08,4223.0,148,28,Kanto,0.027730030838469574,612.0,1.0,5.0,0
26.09,1840.0,214,32,Kansai,0.04638327601653684,559.0,0.0,9.0,0
15.6,5019.0,9999,58,Other,0.03291159179154653,697.0,1.0,5.0,0
9.63,2479.0,79,21,Kansai,0.0502054907718298,602.0,1.0,6.0,0
29.16,5321.0,325,74,Kanto,0.02960641458684589,638.0,0.0,4.0,0
36.24,3257.0,62,32,Kansai,0.04725458442221564,605.0,1.0,7.0,0
33.56,925.0,189,47,Kansai,0.04994647574799628,643.0,0.0,4.0,0
37.07,735.0,356,61,Tokai,0.047036686082191886,562.0,0.0,4.0,0
20.59,3813.0,331,47,Kansai,0.03744612225485431,677.0,0.0,7.0,0
17.65,3834.0,71,72,Kanto,0.03119461354208438,682.0,0.0,2.0,0
10.86,2060.0,111,60,Kanto,0.02611599043572853,679.0,0.0,5.0,0
9.06,3879.0,44,29,Kanto,0.025093425802762685,661.0,0.0,4.0,0
13.46,3100.0,9999,33,Kansai,0.05341283875872161,644.0,0.0,4.0,0
18.18,1858.0,101,64,Tokai,0.05218900401984952,683.0,0.0,3.0,0
23.46,3179.0,161,64,Kanto,0.027139058035195156,684.0,0.0,4.0,0
40.12,590.0,256,22,Kanto,0.029796501620054042,620.0,1.0,6.0,0
73.62,3189.0,200,39,Kanto,0.03656300080456355,625.0,1.0,7.0,0
46.99,1224.0,371,74,Other,0.03720250427522427,564.0,0.0,4.0,0
43.49,6276.0,120,42,Kansai,0.034789139060438255,697.0,0.0,2.0,0
66.46,2424.0,70,55,Kanto,0.03283001325389464,727.0,0.0,3.0,0
52.61,4126.0,9999,66,Kanto,0.03034335018761112,657.0,1.0,7.0,0
18.39,4518.0,108,69,Kanto,0.024619073818430978,642.0,0.0,8.0,0
46.99,1466.0,167,56,Other,0.03804356536386577,585.0,0.0,5.0,0
37.92,485.0,34,44,Kanto,0.038084890843924406,708.0,0.0,1.0,0
21.93,1067.0,72,42,Kanto,0.03299181369716326,704.0,0.0,5.0,0
35.87,2745.0,273,29,Kanto,0.030637708344417577,682.0,0.0,3.0,1
18.71,2829.0,9999,52,Other,0.031650827111715255,584.0,0.0,3.0,0
38.73,1957.0,336,54,Other,0.0356207724144783,702.0,0.0,6.0,0
38.22,2134.0,199,72,Tokai,0.037619093606953403,656.0,0.0,3.0,0
2.09,2169.0,382,22,Other,0.038327931771707686,645.0,1.0,2.0,0
55.58,5340.0,249,66,Tokai,0.032533769748022724,660.0,0.0,2.0,0
37.25,1142.0,252,69,Kansai,0.04090953907793804,709.0,0.0,4.0,0
5.06,2413.0,380,74,Kanto,0.02842820851151172,644.0,0.0,3.0,0
17.82,6859.0,307,61,Kansai,0.031838578257408524,618.0,0.0,6.0,0
53.1,5442.0,394,22,Kanto,0.03488643127724358,604.0,0.0,5.0,0
27.53,3956.0,188,65,Kansai,0.036854235490611995,649.0,1.0,5.0,0
14.27,3485.0,43,54,Kanto,0.027723219445151076,685.0,0.0,6.0,0
59.61,4262.0,9999,43,Kanto,0.02724673651335449,653.0,0.0,3.0,0
23.94,3298.0,365,28,Kanto,0.033156774486846036,662.0,0.0,6.0,0
9.82,1598.0,112,74,Kansai,0.053222554139945116,653.0,1.0,3.0,0
3.65,3682.0,216,27,Tokai,0.03961554433899899,620.0,0.0,5.0,0
29.33,2098.0,229,31,Kansai,0.04809449722146389,631.0,0.0,5.0,0
42.11,2894.0,76,48,Other,0.03324021660398196,640.0,0.0,0.0,0
46.72,3401.0,197,34,Kanto,0.027583798583376982,607.0,0.0,3.0,0
20.92,4770.0,328,73,Kanto,0.02415126108243747,583.0,0.0,6.0,0
16.71,3666.0,9999,37,Other,0.032965535484876615,624.0,0.0,3.0,0
24.14,1099.0,395,26,Other,0.03922561580482568,597.0,0.0,4.0,0
5.85,3546.0,61,67,Kanto,0.02684443732256991,635.0,0.0,3.0,0
24.09,4979.0,9999,45,Kanto,0.030292611797879582,599.0,1.0,5.0,0
23.13,1516.0,9999,21,Kanto,0.040874578601252404,668.0,0.0,3.0,0
28.82,5390.0,268,67,Kanto,0.028529308638711486,548.0,0.0,6.0,0
30.58,3405.0,355,44,Kanto,0.02992347805919173,667.0,0.0,2.0,0
17.91,6006.0,321,44,Kanto,0.0223229025216374,701.0,0.0,9.0,0
20.61,2279.0,385,58,Kansai,0.04225191095055202,614.0,1.0,9.0,0
4.24,2662.0,179,49,Kanto,0.030111858258668668,581.0,1.0,3.0,0
13.74,3391.0,89,60,Other,0.03264740300459983,664.0,0.0,1.0,0
7.33,98.0,102,23,Other,0.04899153626749628,595.0,0.0,1.0,0
40.95,2922.0,5,38,Kanto,0.02861581828680858,701.0,1.0,6.0,0
28.67,3982.0,45,71,Tokai,0.04915527577879976,660.0,1.0,5.0,0
22.63,2600.0,314,58,Tokai,0.040708980421217664,752.0,0.0,3.0,0
9.79,7223.0,9999,43,Other,0.022193906745051877,683.0,1.0,4.0,0
19.33,1512.0,9999,69,Kanto,0.032590329645241355,640.0,0.0,4.0,0
52.66,2785.0,96,44,Kanto,0.04026431568158382,624.0,0.0,3.0,0
56.19,286.0,9999,48,Kanto,0.03398108964708077,713.0,0.0,2.0,0
19.68,2138.0,9999,54,Kanto,0.04148972599415848,606.0,0.0,8.0,0
38.97,70.0,130,63,Kanto,0.04322838432723483,661.0,0.0,6.0,0
26.27,1900.0,110,71,Kanto,0.025446162807261023,677.0,0.0,6.0,0
35.49,2508.0,201,50,Tokai,0.040190771675069736,617.0,0.0,2.0,0
16.26,3487.0,303,33,Kanto,0.0292929255544725,757.0,0.0,4.0,0
32.89,747.0,224,33,Other,0.04696180432480555,559.0,0.0,3.0,0
19.36,1660.0,266,20,Kanto,0.04001757743900761,698.0,1.0,2.0,0
24.2,6287.0,88,61,Kanto,0.022603176310223735,563.0,0.0,6.0,0
29.58,1968.0,9999,35,Kansai,0.043430537156064375,686.0,1.0,2.0,0
27.14,1325.0,357,55,Kanto,0.031244914602363175,607.0,1.0,5.0,0
68.5,1944.0,9999,59,Kansai,0.05750234829073576,661.0,0.0,5.0,0
47.7,1464.0,311,49,Tokai,0.04332430928551396,700.0,0.0,4.0,0
22.62,1275.0,9999,57,Tokai,0.05651453482391198,760.0,1.0,4.0,0
10.82,665.0,83,42,Tokai,0.04839866126403063,599.0,1.0,3.0,0
23.64,6403.0,156,54,Kansai,0.03879045345047217,680.0,0.0,2.0,0
44.26,5205.0,298,56,Other,0.03179599467260367,622.0,1.0,3.0,0
15.35,3968.0,207,49,Kanto,0.027480207114882957,585.0,1.0,6.0,0
32.53,544.0,89,42,Tokai,0.048948978006726804,743.0,1.0,5.0,0
56.57,1080.0,38,65,Other,0.03959440977770736,657.0,0.0,2.0,0
22.02,712.0,309,47,Kansai,0.04847225506315523,620.0,1.0,8.0,0
10.45,4272.0,9999,48,Tokai,0.03937542061025817,674.0,0.0,1.0,0
54.48,1614.0,368,22,Tokai,0.049560057083209146,592.0,0.0,4.0,0
45.83,1288.0,78,28,Other,0.049138303718361934,716.0,0.0,4.0,0
28.97,882.0,116,66,Other,0.034648096777617376,673.0,1.0,1.0,0
36.28,2432.0,112,52,Kanto,0.031163180526309654,686.0,1.0,1.0,0
17.19,2572.0,110,47,Other,0.032187707209639004,697.0,0.0,2.0,0
46.38,1607.0,9999,57,Other,0.04419322215516566,654.0,1.0,4.0,0
7.67,3780.0,245,36,Kansai,0.041852171688044615,487.0,0.0,4.0,0
24.57,1008.0,339,69,Other,0.03842124184442232,693.0,0.0,0.0,0
37.27,2782.0,128,37,Kansai,0.04727218162353602,771.0,1.0,1.0,0
21.79,432.0,320,38,Kanto,0.041358156338341195,728.0,1.0,3.0,0
40.91,5053.0,2,32,Tokai,0.03940722519868724,580.0,0.0,3.0,0
17.05,2185.0,211,26,Kanto,0.03343941049292666,660.0,0.0,5.0,0
14.86,4371.0,170,45,Other,0.03056035583542778,634.0,0.0,8.0,0
25.1,712.0,111,27,Tokai,0.04714520307190497,638.0,0.0,2.0,0
39.73,6357.0,21,46,Tokai,0.03059137998389062,713.0,0.0,2.0,0
15.23,2078.0,9999,31,Kansai,0.05947042567754744,712.0,0.0,4.0,0
37.27,2138.0,360,66,Tokai,0.04011087516183326,641.0,0.0,5.0,0
58.57,3099.0,216,64,Tokai,0.04095057014855235,573.0,0.0,4.0,0
18.73,1103.0,330,27,Kansai,0.0455711716208974,655.0,0.0,4.0,0
19.31,1131.0,251,41,Kanto,0.037723043464047326,675.0,0.0,2.0,0
45.94,5076.0,330,60,Kanto,0.023875045308335077,721.0,0.0,4.0,0
33.2,2334.0,9999,71,Other,0.03614647400170432,674.0,0.0,4.0,0
31.4,3122.0,9999,51,Kanto,0.03942083385608813,556.0,0.0,4.0,0
29.87,2168.0,161,52,Kanto,0.035258818367804964,690.0,1.0,5.0,0
3.84,4804.0,9999,50,Kansai,0.03917462758669921,556.0,0.0,3.0,0
4.39,6859.0,48,74,Kansai,0.02125226591705726,637.0,0.0,3.0,0
40.62,1845.0,36,28,Kanto,0.028804254159309952,627.0,0.0,6.0,0
14.5,4012.0,9999,61,Tokai,0.04309063985113784,580.0,0.0,1.0,0
17.73,1286.0,11,55,Other,0.03563962636470583,610.0,1.0,4.0,0
10.43,2422.0,9999,60,Kanto,0.03898432457732697,662.0,1.0,5.0,0
9.87,1787.0,55,22,Kanto,0.03412280981593527,722.0,0.0,4.0,0
67.99,5813.0,230,46,Tokai,0.032709751276503815,626.0,0.0,4.0,0
8.55,1442.0,9999,40,Other,0.04938237706580024,695.0,0.0,3.0,0
17.41,2371.0,255,20,Kanto,0.03743355706060271,656.0,0.0,2.0,0
22.0,2584.0,29,20,Tokai,0.0454217268370068,660.0,1.0,2.0,0
29.09,3189.0,398,28,Kansai,0.04338045316798767,611.0,1.0,3.0,0
20.81,4082.0,93,60,Other,0.0293907261116735,626.0,1.0,3.0,0
57.79,110.0,295,71,Tokai,0.05163067303344015,646.0,0.0,3.0,0
31.92,543.0,9999,47,Kanto,0.04394590756667383,658.0,0.0,3.0,0
23.06,977.0,120,65,Kanto,0.0346195308366245,611.0,0.0,3.0,0
24.44,3947.0,290,74,Other,0.03435159398931718,641.0,0.0,6.0,0
49.78,3109.0,233,42,Other,0.042256985859677326,593.0,0.0,2.0,1
39.33,2800.0,9999,42,Kansai,0.051887928604595554,671.0,1.0,7.0,0
11.82,766.0,128,65,Kansai,0.04545995517520622,647.0,0.0,2.0,0
18.36,3776.0,9999,48,Other,0.041403260955978946,631.0,2.0,2.0,0
8.73,2226.0,242,28,Other,0.03702416953829059,647.0,0.0,7.0,0
65.76,2930.0,319,58,Kanto,0.032408840152449055,660.0,0.0,3.0,0
31.38,7424.0,1,69,Tokai,0.0411554235138265,619.0,1.0,2.0,0
59.08,4947.0,126,29,Kansai,0.038752610698888336,612.0,0.0,4.0,0
40.97,6062.0,139,57,Kanto,0.026189742947860563,680.0,0.0,4.0,0
30.76,1527.0,334,60,Kanto,0.03022634268415841,658.0,0.0,2.0,0
35.86,3922.0,76,29,Kanto,0.02836894698186503,681.0,0.0,5.0,0
32.47,2407.0,27,32,Kansai,0.04122867862912279,647.0,0.0,3.0,0
20.39,2095.0,49,57,Kanto,0.02964287047006722,733.0,0.0,3.0,0
8.36,1775.0,9999,60,Other,0.03789163144092384,656.0,0.0,6.0,0
21.26,1036.0,146,43,Other,0.0372520241955403,617.0,0.0,4.0,0
5.74,2647.0,64,54,Tokai,0.03689439070669164,662.0,0.0,2.0,0
17.23,2947.0,95,20,Kansai,0.03887341926882433,662.0,0.0,8.0,0
4.58,1699.0,209,25,Other,0.029772690733015784,712.0,1.0,7.0,0
42.9,4154.0,9999,27,Kansai,0.04485520606402854,638.0,0.0,5.0,0
40.97,6338.0,9999,37,Other,0.032702968195715304,611.0,0.0,6.0,1
8.89,2022.0,27,61,Kanto,0.03210446421331589,652.0,1.0,6.0,0
27.24,1247.0,286,57,Kanto,0.0311314930028268,650.0,0.0,5.0,0
10.9,3683.0,390,73,Kansai,0.032082029901012867,617.0,0.0,2.0,0
44.98,5138.0,393,61,Kanto,0.028787426078775838,485.0,1.0,3.0,0
14.1,1651.0,179,52,Kansai,0.04816082176284028,604.0,0.0,1.0,0
62.3,4245.0,157,32,Kansai,0.038241431768677454,622.0,0.0,1.0,0
42.09,2124.0,182,43,Kansai,0.04666964486442096,649.0,0.0,4.0,0
14.04,2252.0,280,48,Kansai,0.03987179246451634,676.0,0.0,3.0,0
15.7,1386.0,143,25,Tokai,0.04859506553220608,655.0,0.0,3.0,0
27.07,5912.0,0,37,Other,0.0248997164540941,590.0,2.0,6.0,0
54.58,982.0,363,74,Other,0.04619628209825588,722.0,1.0,3.0,0
36.54,864.0,7,28,Kansai,0.04603928290908782,560.0,0.0,2.0,0
3.08,4555.0,9999,71,Kanto,0.028592160470395703,685.0,2.0,4.0,0
37.93,4183.0,7,63,Kansai,0.03589155252935339,586.0,1.0,5.0,0
28.27,1888.0,305,43,Kansai,0.04471685356712299,703.0,0.0,7.0,0
36.27,6486.0,77,28,Kanto,0.024339946338492697,575.0,0.0,6.0,0
44.51,3193.0,40,65,Other,0.03507803352538883,635.0,0.0,3.0,0
50.86,1732.0,9999,43,Kanto,0.0441216715965672,643.0,0.0,4.0,0
6.03,3612.0,9999,34,Kanto,0.025237870662444088,645.0,0.0,5.0,0
23.79,3300.0,9999,48,Kanto,0.031229850650828478,675.0,1.0,3.0,0
20.67,2021.0,384,53,Other,0.03410817815103992,520.0,0.0,3.0,0
34.48,3445.0,363,68,Tokai,0.03314680538242631,606.0,0.0,5.0,0
13.46,1230.0,83,73,Tokai,0.033406772222157016,770.0,1.0,6.0,0
33.16,4181.0,226,39,Other,0.030782657846115696,637.0,0.0,4.0,0
13.4,2099.0,398,25,Tokai,0.04787187248330569,633.0,0.0,4.0,0
6.58,2234.0,159,51,Other,0.03195589938395616,612.0,0.0,3.0,0
29.67,6176.0,73,32,Kanto,0.025527769489284223,537.0,0.0,5.0,0
13.51,767.0,170,20,Kanto,0.028306805396997918,597.0,1.0,1.0,0
69.01,1213.0,351,60,Kanto,0.04840148819777762,724.0,0.0,4.0,0
41.59,1772.0,280,31,Kanto,0.03205475995401381,637.0,1.0,6.0,0
54.86,2365.0,395,35,Kanto,0.0440576661228584,604.0,1.0,3.0,0
30.09,7698.0,263,40,Other,0.024624131793147156,712.0,0.0,4.0,0
16.93,2105.0,100,28,Kansai,0.05006660399947891,668.0,0.0,3.0,0
27.53,7718.0,379,64,Other,0.02325796571499051,750.0,0.0,4.0,0
66.44,1589.0,337,29,Kanto,0.039917153962546956,482.0,0.0,8.0,0
34.62,1647.0,66,51,Other,0.0418630330085734,702.0,0.0,1.0,0
13.81,6475.0,162,47,Tokai,0.03360655838100944,677.0,1.0,4.0,0
18.39,765.0,325,27,Kanto,0.040408923797992234,635.0,0.0,3.0,0
56.37,8248.0,9999,66,Kanto,0.025637114200833724,601.0,0.0,4.0,0
27.69,2589.0,288,32,Kansai,0.04035703037003562,641.0,1.0,6.0,0
17.95,2982.0,9999,74,Other,0.040123217601816474,709.0,1.0,3.0,0
46.15,3396.0,9999,24,Kanto,0.025574476101788642,694.0,0.0,4.0,0
57.01,1793.0,364,56,Tokai,0.04403172630221147,627.0,0.0,5.0,0
11.29,4535.0,164,60,Kansai,0.03018688720689685,541.0,0.0,3.0,0
11.69,3500.0,385,35,Other,0.03020841409942255,637.0,0.0,5.0,0
21.68,5100.0,9999,54,Kanto,0.033169606049662494,640.0,2.0,2.0,0
3.02,3907.0,100,42,Kansai,0.032752152561828556,565.0,0.0,4.0,0
19.9,925.0,32,66,Kanto,0.03474176556604671,661.0,0.0,2.0,0
20.16,3719.0,9999,73,Other,0.030010690628226235,682.0,0.0,4.0,1
10.86,2860.0,126,61,Kansai,0.03498754188806388,617.0,2.0,10.0,0
38.71,5312.0,9999,54,Kanto,0.028747989769326646,654.0,0.0,4.0,0
25.14,2344.0,262,74,Kanto,0.034251954620291895,761.0,0.0,6.0,0
42.1,1238.0,186,28,Tokai,0.04684554595752977,605.0,1.0,4.0,0
21.09,2100.0,9999,37,Kanto,0.04187676797373638,629.0,0.0,5.0,0
20.77,1724.0,39,74,Kanto,0.03517138096182969,712.0,0.0,3.0,0
28.4,5296.0,297,46,Kanto,0.024926185092840315,611.0,0.0,10.0,0
5.69,1820.0,9999,64,Kanto,0.029488407798709093,594.0,0.0,5.0,0
40.78,4015.0,178,59,Kansai,0.03674517122608809,616.0,0.0,1.0,0
7.37,3375.0,320,43,Kanto,0.02816098186397883,676.0,0.0,4.0,0
22.56,1515.0,379,63,Other,0.03713558504897539,670.0,0.0,4.0,0
41.52,3695.0,9999,32,Kanto,0.04047090957027126,632.0,0.0,3.0,0
5.47,3625.0,391,56,Other,0.031308316487363326,606.0,1.0,4.0,0
43.4,3877.0,9999,30,Kanto,0.03980881475581326,657.0,0.0,5.0,0
16.12,1803.0,366,26,Kansai,0.0481689367265011,628.0,1.0,2.0,0
20.32,1887.0,9999,62,Kanto,0.032667049661445645,583.0,0.0,4.0,0
37.04,1793.0,280,70,Other,0.032200250521071574,627.0,1.0,1.0,0
41.56,4797.0,183,59,Kansai,0.03348439768346168,658.0,0.0,3.0,0
15.91,4256.0,184,40,Kanto,0.02615572107084731,718.0,0.0,6.0,0
35.63,5157.0,86,49,Kansai,0.031333259207615774,536.0,1.0,2.0,0
51.84,5369.0,254,43,Tokai,0.034668160594226206,642.0,1.0,6.0,0
16.33,1557.0,119,22,Kanto,0.03907673620274515,624.0,0.0,2.0,0
17.48,4483.0,293,56,Kansai,0.03145444057106693,616.0,0.0,5.0,0
28.72,2290.0,236,41,Kanto,0.030604558974773103,664.0,0.0,0.0,0
48.53,4483.0,238,33,Kanto,0.03147379435488054,670.0,0.0,2.0,0
35.98,2670.0,294,31,Other,0.03450177697780705,593.0,0.0,7.0,0
46.11,1835.0,320,32,Kanto,0.031680170034249056,649.0,0.0,6.0,0
11.97,2859.0,54,73,Other,0.025355808061673056,688.0,0.0,5.0,0
26.29,4051.0,119,74,Other,0.027155943498335746,630.0,2.0,9.0,0
21.13,4782.0,117,67,Kansai,0.02881298577774737,602.0,1.0,2.0,0
27.91,2632.0,9999,28,Kansai,0.052751299157435684,655.0,0.0,6.0,0
38.06,1230.0,319,56,Kansai,0.04576105395752292,601.0,1.0,7.0,0
27.41,6819.0,9999,34,Kansai,0.04108271522819805,658.0,1.0,4.0,0
33.63,6145.0,336,26,Kansai,0.03484229591061415,703.0,0.0,10.0,0
31.43,2437.0,9999,26,Kansai,0.0640709809264566,626.0,1.0,4.0,0
31.22,1303.0,9999,21,Other,0.029974099396219506,714.0,0.0,3.0,0
23.33,899.0,150,53,Kanto,0.03585920863287581,640.0,0.0,5.0,0
5.55,2334.0,82,22,Other,0.04079936647715317,597.0,1.0,6.0,0
52.03,2259.0,255,42,Kanto,0.04237965816477684,618.0,1.0,6.0,0
30.42,6857.0,201,35,Kanto,0.022775238662650885,758.0,0.0,2.0,0
13.64,415.0,186,65,Kanto,0.035675224843525984,716.0,0.0,2.0,0
12.52,1744.0,9999,36,Kansai,0.05391629691711312,702.0,0.0,5.0,0
5.54,838.0,9999,23,Tokai,0.06742499612370732,653.0,0.0,1.0,0
66.16,2854.0,171,54,Other,0.04592774800562106,695.0,0.0,2.0,0
25.97,4241.0,333,59,Other,0.02920036960847532,688.0,0.0,7.0,0
43.6,1925.0,195,42,Kanto,0.0353543470290504,679.0,0.0,4.0,0
21.86,2246.0,339,34,Kansai,0.045412384045966,688.0,0.0,6.0,0
44.71,5583.0,287,33,Kanto,0.0251862190310358,613.0,0.0,3.0,0
11.85,4059.0,259,57,Kanto,0.02677900541481577,683.0,1.0,1.0,0
34.48,1690.0,376,54,Tokai,0.05120053790706736,584.0,2.0,5.0,0
22.38,2634.0,218,39,Kanto,0.031636796098644046,543.0,0.0,3.0,0
17.52,6359.0,247,39,Kanto,0.023429289078404237,585.0,0.0,4.0,0
22.61,2631.0,32,48,Kanto,0.03087651149234463,605.0,0.0,2.0,0
32.76,5182.0,300,71,Other,0.027644686199732777,720.0,0.0,3.0,0
20.14,2862.0,2,41,Kanto,0.02837304526056396,729.0,0.0,6.0,0
36.99,1117.0,103,65,Kansai,0.04229921671190892,584.0,1.0,6.0,0
39.81,2099.0,146,35,Other,0.042293342050688784,622.0,0.0,8.0,0
21.98,1314.0,138,25,Kansai,0.055930579755026154,656.0,0.0,7.0,0
7.28,1705.0,9999,37,Tokai,0.061339862948817846,654.0,0.0,5.0,0
61.41,2508.0,358,47,Kanto,0.031252672459742226,671.0,0.0,4.0,0
78.83,5216.0,215,61,Kansai,0.044899356611127296,758.0,0.0,2.0,0
30.89,5372.0,9,29,Tokai,0.032536442346481814,592.0,0.0,6.0,0
7.51,1458.0,323,60,Kanto,0.027241253503338867,624.0,1.0,6.0,0
37.38,1843.0,102,48,Kanto,0.03449746213196057,657.0,1.0,4.0,0
7.07,6869.0,230,69,Other,0.024678418786146468,626.0,1.0,3.0,0
18.23,1599.0,9999,51,Kanto,0.034615158731587964,791.0,0.0,5.0,0
38.77,1452.0,379,21,Tokai,0.04465068052501998,650.0,2.0,1.0,0
10.92,782.0,182,45,Kanto,0.031750205719878064,578.0,1.0,1.0,0
25.4,2588.0,226,52,Tokai,0.0412371586525041,585.0,0.0,4.0,0
26.84,863.0,269,71,Tokai,0.044220630710801255,774.0,2.0,3.0,0
25.93,2000.0,75,49,Kanto,0.035288426732655725,603.0,0.0,5.0,0
55.46,2928.0,183,64,Other,0.035848788182280045,611.0,3.0,5.0,0
17.14,3491.0,271,51,Kansai,0.03658719001481814,628.0,1.0,4.0,0
47.86,1423.0,121,38,Tokai,0.04465900330758621,681.0,0.0,3.0,0
19.84,6032.0,10,57,Kanto,0.02206785454085221,577.0,0.0,5.0,0
21.23,1423.0,379,36,Kanto,0.033215665768464776,656.0,1.0,7.0,0
14.19,997.0,257,43,Kanto,0.03560356848179955,700.0,0.0,2.0,0
50.76,5146.0,115,21,Kanto,0.028179685992694648,549.0,0.0,3.0,0
62.56,1887.0,264,56,Kansai,0.05142383917192876,579.0,0.0,9.0,0
12.86,4414.0,201,72,Kanto,0.019393855663421562,585.0,1.0,5.0,0
21.05,4922.0,310,24,Other,0.031406485182056104,695.0,0.0,8.0,0
47.74,3062.0,9999,58,Other,0.04027310476676751,576.0,0.0,2.0,0
44.42,4190.0,258,26,Kansai,0.047773092876928804,612.0,0.0,7.0,0
61.3,3734.0,246,61,Kanto,0.03652370168243629,685.0,0.0,2.0,0
39.57,4709.0,391,51,Kanto,0.026828685267946614,683.0,0.0,9.0,0
52.11,2110.0,347,37,Kanto,0.03046005927614074,610.0,0.0,7.0,0
4.46,1003.0,255,33,Kanto,0.03548265237759445,598.0,2.0,6.0,0
35.99,3473.0,143,30,Tokai,0.04115242624418517,594.0,0.0,0.0,0
39.66,1946.0,238,65,Kansai,0.04538869598409928,607.0,0.0,4.0,0
27.22,5526.0,21,48,Other,0.02518137472260864,645.0,0.0,5.0,0
11.72,1571.0,298,67,Kansai,0.036491043744110004,616.0,0.0,7.0,1
18.03,2413.0,25,63,Kanto,0.028612877992167468,710.0,0.0,6.0,0
30.3,4881.0,237,63,Tokai,0.028800532633209554,710.0,0.0,3.0,0
45.32,1832.0,272,62,Kansai,0.041363191871332396,634.0,0.0,3.0,0
39.62,3372.0,9999,21,Kansai,0.06394191090136958,710.0,0.0,2.0,0
24.35,1258.0,9999,28,Kanto,0.048072951699497775,685.0,0.0,4.0,0
46.67,6248.0,150,30,Tokai,0.03667043015866053,716.0,0.0,1.0,0
