utilization_ratio,current_balance,days_since_last_decrease,age,region_code,bad_flag
35.37,3799.0,387,22,Kansai,0
24.86,4016.0,224,56,Kansai,0
41.6,3833.0,265,50,Kansai,0
16.0,5998.0,9999,54,Kanto,0
55.03,453.0,275,74,Kansai,0
11.09,880.0,127,64,Kansai,0
50.99,1328.0,217,34,Kansai,0
17.73,1839.0,258,36,Kansai,0
19.83,3052.0,48,34,Kanto,0
37.62,1383.0,371,24,Kansai,0
54.35,1375.0,54,41,Kanto,0
8.48,2749.0,202,65,Kanto,0
35.79,3529.0,9999,30,Tokai,0
27.33,2548.0,233,47,Kanto,0
13.44,3641.0,9999,33,Other,0
35.33,740.0,170,58,Kanto,0
13.28,1565.0,9999,22,Kansai,0
32.64,1283.0,104,74,Kansai,0
16.58,1767.0,19,71,Kanto,0
20.77,2457.0,9999,61,Kansai,0
26.34,601.0,376,30,Tokai,0
39.0,1754.0,115,49,Kanto,0
15.36,1553.0,9999,57,Kanto,0
30.55,799.0,251,24,Kansai,0
20.33,3698.0,9999,71,Kanto,0
18.39,2538.0,252,41,Tokai,0
36.78,1776.0,235,32,Other,0
20.21,6657.0,224,63,Kanto,0
18.63,860.0,167,70,Kansai,0
28.35,6881.0,266,70,Kansai,0
10.04,2168.0,226,40,Kansai,0
20.77,1462.0,18,56,Kanto,0
30.96,1809.0,130,44,Kansai,0
4.44,1945.0,106,71,Kanto,0
12.46,7431.0,9999,40,Kanto,0
21.1,3063.0,299,47,Kansai,0
35.82,1131.0,381,60,Kanto,0
65.22,4012.0,9999,23,Kanto,0
16.23,1958.0,322,48,Kanto,0
6.94,215.0,9999,66,Kanto,0
7.68,3948.0,155,54,Kanto,0
17.44,4014.0,93,42,Kanto,0
54.35,2034.0,201,26,Kanto,0
6.17,1619.0,235,71,Tokai,0
23.57,4268.0,9999,71,Kanto,0
31.33,1558.0,279,65,Tokai,0
15.26,4866.0,146,65,Kanto,0
38.69,1586.0,371,28,Tokai,0
48.46,2342.0,252,42,Kanto,0
9.59,3268.0,81,22,Other,0
36.62,2843.0,288,28,Tokai,0
29.84,1490.0,9999,72,Kanto,0
22.38,3150.0,9999,23,Kanto,0
16.43,3891.0,293,68,Kansai,0
46.14,1176.0,188,44,Other,0
9.83,3326.0,43,25,Kansai,0
17.92,2292.0,234,67,Kansai,0
34.3,1237.0,376,37,Kanto,0
27.47,3064.0,180,64,Kanto,0
44.33,4169.0,117,26,Kanto,0
13.27,1693.0,9999,54,Kanto,0
40.06,3166.0,9999,50,Kanto,0
32.26,1947.0,319,57,Kanto,0
29.24,3669.0,68,51,Tokai,0
11.36,4650.0,72,54,Tokai,0
34.16,2960.0,51,47,Kanto,1
17.0,3867.0,308,63,Other,0
80.15,4297.0,57,24,Kanto,0
13.18,1685.0,9999,49,Kanto,0
12.55,1923.0,9999,41,Tokai,0
33.7,3218.0,183,36,Tokai,0
3.44,5289.0,226,29,Other,1
15.94,1025.0,355,26,Kanto,0
26.15,3442.0,9999,23,Kanto,0
24.91,5025.0,9999,61,Kansai,0
6.86,2243.0,28,46,Kanto,0
45.95,2503.0,84,26,Kanto,0
54.15,2464.0,377,42,Kansai,0
26.06,2371.0,344,30,Kanto,0
6.75,1455.0,66,72,Kanto,1
4.68,2304.0,251,27,Kanto,0
12.71,1491.0,390,27,Kanto,0
32.66,3708.0,109,56,Kanto,0
11.91,657.0,9999,24,Kansai,0
10.78,4194.0,26,26,Kanto,0
32.46,4594.0,391,41,Other,0
21.94,2826.0,307,55,Kanto,0
30.48,6568.0,157,21,Other,0
40.37,3300.0,360,43,Kansai,0
18.41,3057.0,391,70,Kanto,0
23.45,627.0,9999,21,Kanto,0
17.51,4772.0,183,67,Kanto,1
26.73,1337.0,343,31,Kansai,0
23.87,1219.0,301,66,Kanto,0
32.58,2900.0,262,61,Kansai,0
44.35,1496.0,9999,74,Kansai,0
38.56,2223.0,1,45,Tokai,0
9.62,4999.0,141,57,Kansai,0
20.9,6111.0,269,64,Kanto,0
16.62,1694.0,89,25,Other,0
22.72,2284.0,9999,42,Tokai,0
47.59,8630.0,323,21,Other,0
11.59,6077.0,238,45,Kanto,0
17.19,4350.0,9999,33,Other,0
24.09,1494.0,225,37,Other,0
19.66,1715.0,279,57,Kansai,0
15.45,4322.0,1,51,Kansai,0
30.25,547.0,182,70,Other,0
26.29,4815.0,69,33,Other,0
17.84,5553.0,344,49,Kansai,0
7.14,2064.0,239,32,Kanto,0
36.8,6171.0,150,59,Other,0
16.5,3391.0,233,50,Kanto,0
64.64,1086.0,104,56,Kanto,0
50.31,2731.0,9999,64,Other,0
40.86,1606.0,26,57,Other,0
37.85,2960.0,9999,41,Other,0
48.08,1026.0,255,47,Kansai,0
45.02,6451.0,309,38,Kansai,0
31.49,3675.0,151,62,Other,0
34.58,1912.0,9999,35,Kanto,0
53.87,3010.0,140,24,Tokai,0
30.62,2525.0,294,63,Kansai,0
14.56,6589.0,9999,68,Kanto,0
45.19,2492.0,9999,21,Kanto,0
35.99,2899.0,268,29,Kanto,0
6.19,907.0,9999,66,Kansai,0
23.29,2943.0,350,38,Kanto,0
19.21,3312.0,104,39,Kansai,0
51.99,1213.0,202,48,Kansai,0
22.02,3992.0,167,44,Tokai,0
13.77,495.0,172,36,Kanto,0
47.2,2274.0,380,70,Tokai,0
15.88,879.0,292,70,Kanto,0
5.97,2658.0,19,32,Kanto,0
34.08,1981.0,9999,64,Kanto,0
30.66,3458.0,148,35,Tokai,0
27.9,2470.0,9999,73,Kanto,0
32.88,3401.0,9999,72,Kanto,0
40.65,2698.0,9999,54,Kanto,0
32.35,4960.0,9999,55,Other,0
18.13,4535.0,110,58,Other,0
11.03,1548.0,266,22,Kanto,0
6.26,4733.0,112,28,Kanto,0
38.94,3294.0,129,59,Other,0
22.08,5242.0,305,69,Kanto,0
17.06,1247.0,20,72,Kanto,0
6.76,1021.0,9999,65,Kanto,0
20.64,1037.0,9999,71,Other,0
35.88,6159.0,190,48,Tokai,0
31.69,5306.0,257,24,Kanto,0
13.66,4531.0,233,22,Kanto,0
21.71,933.0,9999,29,Other,0
13.64,4564.0,344,50,Kansai,0
6.37,982.0,139,30,Kansai,0
57.86,220.0,223,36,Kanto,0
16.74,1951.0,214,59,Tokai,0
48.58,2312.0,9999,60,Kanto,0
22.31,5713.0,87,27,Tokai,0
37.34,1233.0,44,71,Kanto,0
38.66,9020.0,9999,21,Kanto,0
29.1,2947.0,9999,23,Kansai,0
35.85,2414.0,9999,35,Other,0
36.88,2405.0,255,60,Kanto,0
43.39,1018.0,329,60,Kanto,0
5.93,2068.0,281,40,Kansai,0
15.37,3091.0,34,24,Tokai,0
69.09,4622.0,297,54,Tokai,0
4.93,2012.0,6,33,Kansai,0
18.59,2929.0,162,34,Kanto,0
27.16,4196.0,9999,25,Kansai,1
32.19,1970.0,152,35,Kanto,0
48.21,4805.0,9999,42,Other,0
31.97,3694.0,125,50,Kansai,0
49.16,4347.0,157,61,Kansai,0
18.42,588.0,314,65,Kanto,0
2.94,2135.0,380,31,Kanto,0
43.83,1657.0,250,60,Kansai,0
22.02,473.0,9999,74,Kanto,0
12.73,4553.0,20,38,Other,0
56.23,786.0,9999,31,Kansai,0
13.52,5835.0,98,64,Kanto,0
18.93,2519.0,9999,74,Kanto,0
27.89,3479.0,200,32,Tokai,0
25.85,1691.0,9999,68,Kanto,0
17.14,4785.0,335,21,Kansai,0
39.03,2459.0,87,39,Kansai,0
13.88,3601.0,9999,74,Kanto,0
46.59,5100.0,122,50,Tokai,0
61.58,3907.0,122,28,Tokai,0
30.74,1980.0,9999,40,Other,0
31.17,2468.0,52,27,Kansai,0
13.47,4435.0,111,58,Kansai,0
72.39,135.0,251,56,Kanto,0
11.91,2166.0,9999,48,Kanto,0
28.54,2617.0,73,38,Kanto,0
51.43,3173.0,273,54,Tokai,0
15.65,1692.0,355,64,Kanto,0
26.06,2437.0,9999,57,Kansai,0
13.98,2934.0,9999,45,Kanto,0
38.81,2900.0,392,30,Kansai,0
46.42,2834.0,326,55,Kansai,0
12.85,2024.0,216,54,Kansai,0
5.52,3023.0,56,23,Other,0
1.73,5631.0,354,22,Tokai,0
15.92,2462.0,9999,64,Kanto,0
26.67,2998.0,368,66,Kansai,0
52.97,2433.0,8,31,Kansai,0
30.71,5455.0,248,51,Tokai,1
25.05,2171.0,307,66,Other,0
40.36,1358.0,344,45,Kanto,0
36.96,3994.0,359,62,Other,0
22.08,2098.0,279,62,Kanto,0
9.07,3857.0,111,32,Tokai,0
42.63,1870.0,9999,63,Kanto,0
30.77,1138.0,348,57,Kanto,0
8.69,2516.0,118,48,Other,0
31.99,855.0,161,74,Kansai,0
17.25,3128.0,9999,71,Other,0
52.36,4307.0,9999,70,Kanto,0
14.41,7500.0,202,38,Kansai,0
43.69,1814.0,19,54,Tokai,0
56.2,1526.0,24,67,Kanto,0
20.39,4244.0,141,60,Kanto,0
26.53,4062.0,314,46,Kanto,0
34.3,4225.0,292,65,Other,0
30.82,7569.0,316,50,Tokai,1
7.85,2620.0,358,22,Kanto,0
20.42,8490.0,9,54,Kanto,0
46.76,2050.0,52,43,Kanto,0
22.44,1619.0,179,71,Kansai,0
56.43,1513.0,77,26,Other,0
45.84,1445.0,37,70,Tokai,0
22.87,7785.0,320,54,Kanto,0
19.42,5283.0,9999,40,Kansai,0
11.4,7372.0,376,20,Other,0
11.89,558.0,9999,63,Kansai,0
22.43,976.0,332,72,Other,0
17.48,2104.0,367,25,Kanto,0
23.81,1888.0,135,58,Tokai,0
43.79,3007.0,9999,53,Kansai,0
30.51,2663.0,91,37,Tokai,0
41.1,1211.0,107,44,Kansai,0
23.84,1746.0,144,34,Kanto,0
30.56,2188.0,9999,66,Kanto,0
22.43,1072.0,9999,51,Other,0
22.83,2384.0,397,61,Kanto,0
60.14,1128.0,314,68,Other,0
18.61,2338.0,260,69,Tokai,0
33.22,1350.0,9999,37,Kansai,0
15.36,4553.0,347,50,Other,0
58.96,3385.0,9999,48,Tokai,0
13.6,3332.0,158,34,Kansai,0
14.53,4021.0,166,42,Kanto,0
46.96,3499.0,9999,57,Other,0
34.71,4571.0,74,60,Tokai,1
22.44,2843.0,9999,30,Tokai,0
38.07,3985.0,253,34,Tokai,0
25.27,3267.0,9999,42,Kanto,0
19.18,3252.0,168,22,Other,0
21.78,808.0,357,38,Kanto,0
54.7,1231.0,241,20,Kanto,0
43.2,3027.0,313,43,Kanto,0
33.75,1519.0,252,68,Kanto,0
28.01,2464.0,9999,30,Kansai,0
20.47,1792.0,346,49,Kanto,0
19.78,1841.0,125,69,Kanto,0
42.01,2654.0,9999,30,Kanto,0
9.46,2147.0,147,58,Tokai,0
6.83,5771.0,185,20,Kansai,0
37.34,878.0,51,31,Kansai,0
18.15,3672.0,9999,23,Tokai,0
46.88,4125.0,143,44,Kansai,0
44.18,6009.0,129,27,Kanto,0
27.31,2695.0,9999,34,Other,0
44.17,3875.0,9999,62,Kanto,0
45.15,5726.0,70,49,Kanto,0
51.43,1692.0,384,59,Kansai,0
19.85,1356.0,9999,51,Tokai,1
5.62,2776.0,39,63,Other,0
1.31,2220.0,9999,54,Kanto,0
44.22,3923.0,273,40,Tokai,0
25.63,923.0,334,50,Tokai,0
12.01,5503.0,246,55,Kanto,0
29.07,3043.0,348,46,Kanto,0
24.84,2176.0,17,63,Tokai,0
27.31,2585.0,381,27,Kanto,0
23.1,4733.0,16,42,Kanto,0
39.78,3541.0,227,42,Kanto,1
12.28,2552.0,75,61,Kanto,0
24.43,2257.0,9999,74,Kanto,0
16.91,2326.0,156,52,Kanto,0
36.3,3822.0,227,32,Kanto,0
15.94,2136.0,214,58,Other,0
9.8,3642.0,386,71,Kanto,0
32.59,1387.0,240,54,Kansai,0
30.65,1560.0,394,35,Other,0
7.67,2533.0,36,31,Other,0
47.29,2246.0,95,50,Kanto,0
31.57,1627.0,275,24,Kanto,1
20.63,1121.0,9999,69,Kansai,0
3.87,1463.0,37,59,Other,0
41.69,6317.0,21,63,Kanto,0
30.53,1623.0,78,44,Kanto,0
36.04,2661.0,320,40,Other,0
31.97,1623.0,199,22,Kansai,0
6.04,2102.0,9999,67,Tokai,0
21.77,4388.0,35,29,Tokai,0
42.34,2212.0,98,42,Kanto,0
8.58,2041.0,150,36,Kansai,0
24.11,1691.0,313,61,Kansai,0
10.68,2154.0,342,54,Tokai,0
39.4,3264.0,62,44,Other,0
25.57,619.0,9999,21,Tokai,0
38.41,996.0,170,46,Kanto,0
36.61,3312.0,356,65,Tokai,0
58.16,2632.0,262,28,Kansai,0
56.22,1753.0,111,68,Kansai,0
8.84,3430.0,9999,23,Kanto,0
34.46,1972.0,9999,45,Tokai,0
60.96,4348.0,198,51,Tokai,0
31.41,1702.0,294,48,Kansai,0
64.79,1363.0,128,41,Other,0
22.65,9735.0,344,66,Kanto,0
45.32,3832.0,154,32,Kanto,0
59.96,1497.0,9999,42,Kansai,0
13.62,1982.0,108,50,Other,0
23.61,1708.0,7,70,Kanto,0
60.47,741.0,134,60,Kanto,0
29.2,2066.0,95,55,Other,0
40.04,2805.0,254,72,Other,0
45.08,5600.0,101,59,Other,0
18.48,2386.0,381,50,Kanto,0
41.02,1863.0,120,34,Other,0
34.97,6013.0,353,33,Kansai,0
17.56,5266.0,289,54,Kansai,0
20.53,2795.0,9999,43,Kanto,0
60.86,2627.0,9999,49,Tokai,0
14.17,3240.0,9999,49,Kanto,0
43.59,1687.0,379,46,Kanto,0
30.82,2559.0,193,68,Kansai,0
45.5,1642.0,376,59,Kanto,0
42.75,5369.0,9999,33,Kanto,0
27.82,1411.0,11,64,Kanto,0
18.52,2932.0,268,66,Tokai,0
55.53,3021.0,108,30,Kanto,1
50.32,5632.0,278,66,Tokai,0
32.18,1847.0,233,63,Tokai,0
29.4,1595.0,287,45,Tokai,0
12.54,3706.0,275,73,Kansai,0
44.44,3415.0,9999,40,Tokai,0
57.58,7474.0,276,28,Kanto,0
12.38,2826.0,9999,73,Kanto,0
14.17,5305.0,159,66,Tokai,0
18.73,4962.0,219,20,Other,0
19.13,1589.0,235,63,Kanto,0
27.5,833.0,139,25,Kansai,0
25.95,2090.0,189,20,Other,0
11.6,4248.0,299,41,Other,0
58.79,5687.0,290,70,Kanto,0
14.18,103.0,318,73,Kansai,0
26.71,1404.0,175,32,Kanto,0
16.93,3240.0,157,57,Tokai,0
50.51,3801.0,305,68,Kanto,0
21.52,1257.0,66,64,Tokai,0
30.27,1638.0,126,60,Other,0
60.43,696.0,21,59,Other,0
22.64,6434.0,36,50,Other,0
33.0,2945.0,121,34,Kanto,0
15.53,1624.0,9,69,Kanto,0
26.4,5097.0,122,21,Kansai,0
38.71,2943.0,327,72,Kansai,0
12.2,5628.0,30,50,Kanto,0
23.07,6100.0,218,45,Kanto,0
33.74,1260.0,9999,21,Other,0
7.24,5280.0,395,30,Other,0
37.82,5164.0,152,52,Kanto,0
31.94,3436.0,9999,37,Kanto,0
19.73,3606.0,164,40,Kansai,0
28.72,2815.0,36,50,Other,0
60.08,1085.0,9999,45,Kansai,0
9.71,1018.0,9999,49,Other,0
27.5,6590.0,232,58,Tokai,0
50.46,2940.0,333,40,Other,0
15.95,2186.0,335,68,Tokai,0
21.44,3742.0,97,35,Other,1
46.32,1579.0,100,26,Other,0
27.81,1927.0,234,41,Kanto,0
18.5,2639.0,9999,26,Kanto,0
11.46,1762.0,4,21,Other,0
42.29,3518.0,391,56,Kanto,0
64.41,2376.0,28,33,Kansai,0
30.83,3503.0,239,27,Other,0
41.06,3710.0,318,48,Other,0
19.61,5021.0,343,63,Kanto,0
13.89,2094.0,29,26,Kansai,0
9.85,1238.0,209,57,Kansai,0
36.73,9282.0,291,64,Kanto,0
50.74,5627.0,33,41,Other,0
23.65,648.0,67,63,Tokai,0
40.56,10089.0,331,36,Other,0
26.49,1691.0,260,35,Kanto,0
38.08,2393.0,80,52,Kanto,0
22.53,1095.0,267,58,Other,0
4.52,2784.0,9999,54,Kansai,0
16.44,1752.0,7,57,Kanto,0
19.14,1123.0,321,51,Other,0
26.16,930.0,36,72,Other,0
35.64,1489.0,3,22,Kansai,0
8.07,3956.0,75,73,Kansai,0
10.85,3538.0,211,22,Kanto,0
24.55,1293.0,9999,27,Other,0
54.54,2030.0,140,65,Other,0
33.55,4544.0,312,50,Kanto,0
11.19,2083.0,205,74,Kanto,0
7.86,5714.0,117,28,Other,0
22.32,8654.0,257,24,Kanto,0
23.93,1501.0,398,47,Other,0
46.92,1642.0,9999,34,Other,0
10.93,6232.0,9999,68,Other,0
35.08,2059.0,169,46,Tokai,0
11.47,4736.0,396,61,Kansai,0
52.1,2930.0,106,50,Kanto,0
46.29,2247.0,369,59,Tokai,0
44.58,3830.0,9999,37,Kanto,0
45.07,6282.0,6,57,Kansai,0
20.78,5198.0,220,68,Kanto,0
55.31,2487.0,323,73,Kanto,0
24.14,2985.0,350,23,Kanto,0
35.22,4759.0,88,40,Other,0
56.23,3101.0,9999,66,Kansai,0
6.6,6835.0,307,61,Kanto,0
47.8,363.0,82,42,Kansai,0
36.2,1562.0,10,64,Kanto,0
40.16,3636.0,391,41,Other,0
14.48,1885.0,39,20,Kansai,0
14.85,6405.0,70,44,Kanto,0
26.73,1640.0,287,73,Kanto,0
26.65,2783.0,301,73,Other,0
20.17,1483.0,343,60,Kansai,1
51.91,2431.0,196,47,Kanto,0
1.26,616.0,386,56,Kansai,0
23.01,891.0,9999,30,Kanto,0
8.92,8373.0,135,41,Kanto,0
54.37,2630.0,351,73,Other,0
33.81,2007.0,9999,74,Kanto,0
22.1,1097.0,343,44,Other,0
12.23,1248.0,340,72,Kansai,1
32.72,7796.0,111,40,Kanto,0
10.0,2740.0,267,55,Other,0
33.76,5105.0,281,39,Kanto,0
58.29,127.0,350,35,Tokai,0
54.9,1715.0,9999,47,Other,1
14.44,7121.0,16,48,Other,0
53.98,1809.0,32,69,Kanto,0
4.91,1189.0,38,45,Kanto,0
22.69,3433.0,371,59,Kansai,0
15.07,783.0,68,21,Kanto,0
3.98,631.0,311,68,Kansai,0
42.0,6411.0,162,29,Kanto,0
47.03,1477.0,228,32,Kansai,0
45.93,3862.0,107,34,Kanto,0
29.29,7981.0,9999,28,Other,0
32.53,2679.0,293,46,Tokai,0
60.83,3777.0,9999,27,Kanto,0
22.8,624.0,287,25,Other,0
32.86,1373.0,61,55,Kanto,0
18.89,7058.0,85,69,Kanto,0
47.59,2016.0,9999,43,Kanto,0
46.2,913.0,362,22,Other,0
33.55,3651.0,24,45,Kansai,0
29.13,5806.0,351,55,Kanto,0
30.1,1813.0,206,40,Other,0
32.72,3658.0,153,32,Kanto,0
6.76,4629.0,77,71,Other,0
33.28,2274.0,9999,30,Kanto,0
56.89,2045.0,31,27,Other,0
16.87,7800.0,144,65,Tokai,0
32.35,980.0,153,65,Other,0
25.95,2845.0,80,67,Other,0
21.07,2413.0,254,33,Other,0
44.54,2400.0,5,52,Kansai,0
19.25,4467.0,150,21,Other,0
42.16,3831.0,9999,71,Tokai,0
31.48,3166.0,155,20,Kanto,1
8.92,635.0,180,30,Other,0
18.14,1283.0,236,25,Kansai,0
28.89,2164.0,280,51,Kanto,0
19.12,2771.0,9999,34,Kansai,0
25.46,7004.0,95,31,Kansai,0
26.26,2722.0,9999,56,Kansai,0
18.69,4329.0,378,48,Kansai,0
12.36,2478.0,361,74,Kanto,0
35.91,4103.0,43,63,Kansai,0
0.72,2613.0,10,41,Other,0
22.54,1118.0,297,65,Kanto,0
36.83,3763.0,9999,33,Kansai,0
47.01,3515.0,292,38,Kanto,0
23.34,803.0,106,24,Kanto,0
60.46,2478.0,45,54,Kansai,0
11.16,2461.0,349,44,Kanto,0
29.18,1662.0,360,69,Tokai,0
24.37,1065.0,86,57,Tokai,0
9.12,3031.0,14,28,Kanto,0
34.24,6587.0,204,26,Kansai,0
26.14,3994.0,291,72,Other,0
10.55,710.0,353,37,Kanto,0
33.94,6268.0,9999,21,Kansai,0
6.67,5707.0,305,71,Other,0
39.48,1742.0,55,29,Other,0
17.02,755.0,341,63,Kansai,0
69.12,1795.0,9999,21,Kanto,0
17.02,1893.0,9999,64,Kanto,0
25.97,810.0,9999,27,Kanto,0
34.09,2999.0,151,74,Tokai,0
19.36,1416.0,375,26,Kanto,0
44.21,957.0,9999,54,Other,0
29.18,2130.0,339,42,Kansai,1
4.32,6469.0,125,27,Kanto,0
8.53,4510.0,9999,40,Kanto,0
47.38,3416.0,225,52,Kansai,0
27.4,1750.0,64,66,Kanto,0
23.74,816.0,54,20,Tokai,0
26.71,1083.0,323,31,Other,0
10.35,4339.0,218,30,Other,0
22.8,1406.0,47,67,Tokai,0
26.27,2823.0,370,49,Other,1
68.91,3443.0,399,23,Kansai,0
25.06,671.0,362,53,Kansai,0
24.46,2561.0,101,42,Tokai,0
27.67,3255.0,344,51,Kanto,0
27.22,7518.0,5,22,Kanto,1
22.99,2789.0,152,47,Tokai,0
42.57,4206.0,199,23,Other,0
22.27,1777.0,9999,69,Kansai,0
47.74,4885.0,195,31,Kansai,0
23.1,905.0,5,43,Kansai,0
43.14,3519.0,176,52,Kansai,0
38.69,2878.0,249,22,Kansai,1
20.87,5440.0,9999,23,Other,0
9.0,3452.0,9999,49,Kansai,0
60.39,2203.0,90,25,Kanto,1
22.65,4871.0,92,68,Tokai,0
30.43,3418.0,81,49,Kanto,0
16.46,1187.0,394,27,Tokai,0
18.24,2307.0,3,37,Kansai,0
47.66,1072.0,63,35,Tokai,0
52.64,3242.0,268,72,Kanto,0
36.09,3483.0,123,25,Kanto,0
25.1,6825.0,46,43,Kanto,0
38.35,2272.0,179,70,Tokai,0
19.59,2020.0,137,47,Kanto,0
29.76,729.0,255,51,Kansai,0
13.24,2271.0,9999,44,Other,0
12.63,2097.0,62,47,Kanto,0
35.48,2750.0,186,40,Other,0
32.2,2054.0,9999,27,Other,0
31.08,2057.0,9999,55,Other,0
22.66,2745.0,197,28,Other,0
31.17,2393.0,349,59,Kansai,0
17.22,2030.0,43,40,Tokai,0
4.15,2015.0,356,70,Kansai,0
27.62,8091.0,9999,20,Kanto,0
9.43,1974.0,268,72,Kanto,0
41.18,2187.0,249,72,Kanto,0
51.57,598.0,93,23,Kanto,0
63.42,4896.0,316,29,Tokai,0
27.17,299.0,295,45,Other,0
16.12,1228.0,325,59,Other,0
30.2,3682.0,13,22,Kanto,0
24.75,536.0,274,63,Kanto,0
27.74,1562.0,297,28,Tokai,0
47.22,2507.0,103,51,Kanto,0
21.9,2369.0,104,22,Other,0
25.13,1527.0,138,23,Tokai,0
13.45,4220.0,355,25,Kansai,0
25.75,4386.0,303,28,Kanto,1
57.58,3752.0,9999,45,Kanto,0
17.48,1817.0,147,21,Kanto,0
44.04,2844.0,9999,21,Kansai,0
24.0,1662.0,371,69,Other,0
44.58,9729.0,197,40,Kanto,0
41.81,3169.0,47,41,Kanto,0
12.48,1825.0,128,22,Kansai,0
41.36,8654.0,9999,54,Kanto,0
8.55,1991.0,155,69,Other,0
10.24,3089.0,164,57,Kanto,0
22.85,4264.0,94,52,Other,0
54.67,1715.0,9999,34,Other,0
35.11,1624.0,137,30,Other,0
13.94,4756.0,165,29,Kanto,0
5.37,4262.0,207,55,Kanto,0
38.07,4253.0,216,33,Other,0
27.94,3499.0,205,21,Other,0
30.67,8041.0,251,64,Tokai,0
34.3,2678.0,9999,67,Kansai,0
47.61,1398.0,9999,63,Kanto,1
25.55,1003.0,399,73,Other,0
50.12,1952.0,50,56,Kanto,0
15.4,87.0,399,70,Kanto,0
6.32,5894.0,60,48,Kanto,0
44.83,3365.0,62,54,Tokai,0
11.0,1389.0,9999,72,Kanto,0
29.98,4974.0,9999,39,Kansai,0
53.63,1002.0,276,40,Kanto,0
6.71,1214.0,9999,53,Kanto,0
33.73,2740.0,9999,68,Tokai,0
6.16,6392.0,305,72,Kanto,0
26.69,3341.0,306,62,Kanto,0
1.47,151.0,377,52,Kansai,1
9.29,1240.0,116,38,Kansai,0
16.21,1413.0,83,27,Kanto,0
5.56,2976.0,379,50,Other,0
36.29,819.0,172,30,Other,0
32.62,888.0,67,27,Kansai,0
55.17,2129.0,157,44,Kanto,0
10.99,3909.0,179,68,Kanto,0
21.72,4092.0,9999,39,Other,0
7.82,2739.0,348,57,Kansai,0
17.68,4508.0,265,26,Kanto,0
59.54,10189.0,9999,72,Other,0
39.72,6949.0,9999,32,Kansai,0
10.56,1782.0,256,58,Kansai,0
3.12,787.0,9999,62,Kanto,0
2.8,1947.0,202,29,Kanto,0
36.8,1260.0,115,27,Other,0
15.91,3482.0,116,61,Tokai,0
73.81,1022.0,331,73,Kanto,0
24.37,2426.0,250,62,Kansai,1
17.1,1261.0,329,39,Kansai,0
8.07,2063.0,343,36,Kanto,0
44.78,2527.0,11,30,Kansai,0
19.74,3834.0,27,35,Kansai,0
26.15,2538.0,266,56,Kanto,0
27.92,1663.0,95,61,Kanto,0
24.92,4254.0,316,51,Kanto,0
38.88,2634.0,276,45,Kansai,0
8.98,1784.0,292,71,Kansai,0
23.94,3898.0,151,56,Kanto,0
20.05,2994.0,319,71,Kansai,0
40.1,3690.0,9999,28,Kanto,0
46.74,5227.0,9999,54,Tokai,0
12.79,1074.0,9999,22,Kanto,0
40.37,9767.0,278,50,Kansai,0
8.95,3439.0,96,61,Kansai,1
24.78,1029.0,340,26,Tokai,0
26.45,5655.0,9999,21,Tokai,0
45.5,1533.0,105,44,Kanto,0
38.95,7026.0,127,59,Other,0
9.72,1130.0,74,31,Other,0
38.29,2431.0,368,49,Kansai,0
29.78,4309.0,203,73,Other,0
59.04,3937.0,31,49,Kanto,0
17.61,3225.0,9999,48,Kanto,0
21.44,4843.0,278,60,Tokai,0
62.05,1865.0,165,30,Other,0
48.72,5019.0,171,70,Kanto,0
9.62,1600.0,145,71,Kansai,0
24.97,6557.0,227,42,Other,0
34.12,1708.0,168,36,Other,0
40.09,890.0,273,32,Kanto,0
11.79,3980.0,386,52,Kanto,0
55.73,2896.0,337,20,Kanto,0
6.29,3262.0,147,59,Kansai,0
12.3,2049.0,264,32,Other,0
53.03,3579.0,9999,57,Kansai,0
27.1,6197.0,34,22,Other,0
27.71,3155.0,39,35,Tokai,1
30.12,746.0,278,61,Kansai,0
14.01,2581.0,319,26,Kanto,0
7.37,3457.0,105,73,Kanto,0
32.92,6828.0,372,72,Kanto,0
35.98,4105.0,323,22,Kanto,0
30.98,1419.0,9999,33,Kanto,0
18.04,2499.0,84,35,Kanto,0
11.05,4261.0,375,23,Kansai,0
22.69,3632.0,41,50,Kansai,0
63.89,3783.0,282,32,Kanto,0
24.31,904.0,275,46,Tokai,0
21.6,3953.0,194,20,Kansai,0
24.86,3024.0,9999,44,Tokai,0
23.75,4064.0,2,56,Tokai,0
53.19,2897.0,260,69,Tokai,0
39.04,2344.0,108,63,Other,0
16.97,5101.0,371,30,Kanto,0
20.4,3508.0,21,28,Kanto,0
25.49,1035.0,9999,26,Kanto,0
28.91,2801.0,9999,33,Kansai,0
14.08,2064.0,9999,49,Kanto,0
18.85,1875.0,76,43,Kansai,0
56.52,3593.0,315,22,Kanto,0
54.41,2911.0,7,67,Kansai,0
20.75,3548.0,9999,58,Kansai,0
19.38,4653.0,361,46,Kanto,0
39.17,2462.0,265,20,Kansai,0
5.49,4532.0,365,57,Other,0
51.32,1667.0,47,45,Tokai,0
16.8,5271.0,264,25,Kanto,0
34.98,1780.0,145,61,Other,0
6.47,1159.0,9999,31,Kanto,0
39.92,3308.0,9999,73,Kansai,0
36.02,2525.0,366,70,Kanto,0
33.68,2733.0,9999,57,Other,0
12.57,1046.0,173,65,Kanto,0
18.67,1092.0,9999,54,Kanto,0
30.91,2026.0,162,29,Other,0
16.11,4045.0,366,28,Kansai,1
15.6,2088.0,368,42,Tokai,0
48.92,1110.0,9,49,Kanto,0
4.06,5285.0,180,71,Kansai,0
50.13,1077.0,9,70,Other,0
12.55,2792.0,9999,41,Kansai,0
37.83,4061.0,61,66,Other,0
32.22,1934.0,271,28,Other,0
12.14,4055.0,395,38,Tokai,0
16.48,6438.0,100,27,Kanto,0
42.11,3954.0,242,73,Kanto,0
22.31,2468.0,303,23,Kanto,0
74.75,2744.0,80,24,Kansai,0
17.65,407.0,389,38,Other,0
16.94,1754.0,149,65,Kansai,0
10.12,432.0,105,37,Other,0
15.52,1344.0,279,48,Other,0
25.17,2601.0,205,38,Other,0
69.88,3173.0,9999,25,Other,0
16.29,3617.0,9999,24,Tokai,0
3.59,7688.0,241,62,Other,0
18.69,805.0,179,24,Tokai,0
28.02,1303.0,162,27,Tokai,0
50.4,3089.0,133,46,Tokai,0
29.05,4284.0,272,56,Tokai,0
21.37,1602.0,9999,62,Kanto,0
17.42,2919.0,155,64,Kansai,0
39.92,3229.0,95,57,Kanto,0
26.59,6836.0,237,56,Kanto,0
40.2,905.0,34,37,Kansai,0
10.54,3547.0,350,45,Other,0
18.96,4366.0,259,61,Tokai,0
35.48,3782.0,248,35,Kanto,0
7.85,5634.0,150,41,Other,0
12.35,1113.0,9999,65,Other,0
24.14,346.0,45,42,Other,0
46.89,5436.0,9999,66,Tokai,0
54.92,1999.0,188,22,Kanto,0
13.21,2474.0,9999,22,Kanto,1
29.89,2693.0,364,31,Kansai,0
51.47,2831.0,52,42,Kanto,0
40.09,4647.0,9999,66,Kanto,0
28.42,3470.0,341,30,Other,0
31.75,863.0,16,61,Tokai,0
13.85,2441.0,66,71,Kanto,0
20.1,3186.0,317,66,Kanto,0
24.19,3683.0,331,69,Kanto,0
22.96,2333.0,373,65,Kanto,0
21.57,1742.0,360,48,Tokai,0
12.31,4810.0,329,25,Kanto,0
51.61,1966.0,383,65,Other,0
26.23,3923.0,287,35,Other,0
23.1,4588.0,130,53,Kansai,0
9.6,3068.0,9999,70,Tokai,0
34.04,1596.0,9,56,Kanto,0
15.69,3485.0,183,30,Kansai,0
16.2,2158.0,364,30,Tokai,0
19.46,9428.0,213,72,Tokai,0
38.89,4424.0,12,44,Kanto,0
32.4,4324.0,32,38,Kanto,0
5.7,5281.0,324,51,Kanto,0
50.68,454.0,9999,69,Kansai,0
30.44,2445.0,275,27,Tokai,0
29.72,5100.0,253,74,Kansai,0
13.67,1742.0,159,31,Tokai,0
44.91,743.0,128,60,Kanto,0
25.18,2867.0,10,54,Other,0
16.95,1329.0,136,25,Kansai,0
8.01,1460.0,224,40,Kanto,0
23.25,2326.0,98,72,Kansai,0
48.42,1015.0,43,45,Kansai,0
16.93,2238.0,358,20,Kanto,0
7.48,3103.0,9999,36,Tokai,0
18.52,8187.0,9999,54,Other,0
16.8,1854.0,308,46,Kanto,0
27.63,2361.0,26,69,Kansai,0
13.1,3826.0,370,69,Kanto,0
15.43,2056.0,55,21,Other,0
8.99,1661.0,334,55,Kanto,1
34.66,5140.0,389,20,Kanto,0
16.5,6580.0,362,29,Kansai,0
14.54,2038.0,9999,50,Kanto,0
45.12,1630.0,369,56,Kanto,0
52.92,1453.0,346,24,Kanto,0
37.72,3912.0,130,60,Kanto,0
49.77,5624.0,9999,65,Kanto,0
42.32,3383.0,89,72,Other,0
21.73,4000.0,9999,32,Other,0
10.55,4908.0,156,64,Kansai,0
17.71,6689.0,65,43,Kansai,0
15.6,3459.0,9999,46,Tokai,0
35.83,1974.0,1,20,Kanto,0
23.82,4170.0,9999,68,Kanto,0
4.44,5259.0,131,39,Tokai,0
17.74,2190.0,9999,27,Kanto,0
8.11,437.0,345,22,Kansai,0
23.33,1936.0,333,68,Kansai,0
45.63,1007.0,182,51,Kansai,0
11.1,236.0,29,63,Other,0
52.41,2006.0,9999,44,Tokai,0
24.94,2476.0,85,44,Other,0
35.77,3601.0,186,69,Tokai,0
14.11,3974.0,300,33,Kanto,1
25.62,2098.0,241,62,Tokai,0
52.4,3747.0,99,46,Tokai,0
48.19,3563.0,70,67,Kansai,0
26.4,3526.0,61,51,Kansai,0
22.35,1514.0,9999,46,Kanto,0
27.64,4207.0,15,23,Other,0
32.11,2985.0,9999,69,Other,0
55.74,2521.0,99,58,Kansai,0
16.22,1616.0,55,30,Kanto,0
15.48,2060.0,288,67,Other,0
20.96,4598.0,39,67,Kansai,0
10.69,3736.0,301,22,Kanto,0
36.44,1736.0,9999,44,Tokai,0
6.99,2872.0,23,74,Tokai,0
57.53,3633.0,399,43,Kanto,0
28.17,1823.0,197,28,Tokai,1
37.94,4162.0,79,27,Tokai,0
4.57,614.0,88,58,Kansai,0
39.07,4139.0,9999,50,Kanto,0
32.59,3972.0,55,36,Kanto,0
34.51,3156.0,9999,62,Kanto,0
23.7,2269.0,272,50,Kanto,0
42.44,1375.0,19,23,Kanto,0
12.88,2711.0,232,23,Kansai,0
32.99,3490.0,9999,56,Kanto,0
6.68,4218.0,363,27,Kanto,0
10.57,1571.0,244,61,Kanto,0
53.58,2013.0,9999,68,Kanto,0
15.96,2062.0,60,25,Tokai,0
12.29,823.0,9999,28,Kansai,0
31.0,5430.0,9999,61,Kanto,0
50.07,5744.0,354,27,Kanto,0
19.25,1457.0,9999,51,Tokai,0
67.98,7198.0,271,34,Kanto,0
16.58,2319.0,337,37,Other,0
44.53,4180.0,280,42,Tokai,0
28.71,4019.0,177,24,Kanto,0
20.52,297.0,284,69,Kansai,0
35.69,2788.0,128,46,Tokai,0
8.72,1385.0,220,52,Kanto,0
23.79,500.0,140,21,Kanto,0
21.26,3049.0,61,61,Kansai,0
33.8,3819.0,160,57,Other,0
29.05,1759.0,9999,47,Kanto,0
34.79,2918.0,190,43,Kansai,0
42.22,5592.0,374,70,Kanto,0
24.25,2311.0,87,40,Kansai,0
30.25,984.0,212,50,Tokai,0
56.86,4445.0,57,30,Kansai,0
29.39,2074.0,69,69,Tokai,0
23.72,1668.0,308,47,Kanto,0
43.48,2200.0,303,67,Tokai,0
24.77,2147.0,106,59,Kanto,0
59.15,667.0,237,23,Tokai,0
49.41,3223.0,9999,62,Other,0
19.28,3185.0,87,61,Tokai,0
21.57,2242.0,9,35,Kanto,0
45.48,3029.0,325,31,Tokai,0
43.2,3979.0,26,41,Kansai,0
47.27,3156.0,9999,54,Other,0
25.39,1617.0,304,62,Kanto,0
28.57,1365.0,235,35,Tokai,0
23.18,7834.0,214,43,Kanto,0
23.32,3207.0,286,54,Kanto,0
16.97,2410.0,45,47,Kanto,0
49.15,3696.0,9999,61,Kanto,0
33.2,1772.0,312,48,Kanto,0
34.27,4471.0,91,40,Kanto,0
47.32,2093.0,281,67,Kanto,0
5.78,545.0,66,44,Tokai,0
33.43,2516.0,8,58,Kansai,0
50.56,1240.0,315,50,Other,0
10.93,2324.0,324,34,Kansai,0
47.64,2121.0,291,66,Other,0
33.52,3419.0,91,61,Kansai,0
31.13,6335.0,301,54,Kanto,0
31.57,4205.0,28,57,Kansai,0
13.43,3202.0,304,69,Tokai,0
4.26,2884.0,277,41,Kansai,0
44.02,3271.0,327,24,Other,0
11.96,5867.0,9999,67,Tokai,0
20.01,3662.0,9999,32,Kansai,0
70.08,554.0,9999,51,Other,0
28.18,1290.0,9999,22,Tokai,0
34.93,4950.0,386,34,Kanto,0
18.35,3153.0,9999,74,Kansai,0
50.23,5798.0,9999,46,Tokai,0
6.25,4044.0,363,71,Kansai,0
43.54,2824.0,37,46,Other,0
9.21,2793.0,24,49,Kanto,0
62.58,1754.0,9999,25,Tokai,0
37.7,2287.0,244,44,Other,0
12.72,1044.0,9999,47,Tokai,0
27.44,1477.0,156,41,Kanto,0
38.26,1225.0,198,23,Kanto,0
17.84,2591.0,350,34,Kansai,0
21.63,1893.0,9999,45,Kanto,0
52.1,729.0,43,37,Other,0
27.91,3702.0,9999,28,Kanto,0
48.5,2023.0,396,71,Kansai,0
34.81,4379.0,157,23,Kanto,0
37.77,3556.0,177,67,Kansai,0
45.53,8380.0,23,69,Tokai,0
56.46,2606.0,7,24,Kanto,0
13.53,1779.0,238,64,Tokai,0
41.89,1461.0,47,25,Kanto,0
62.77,3933.0,97,73,Kansai,0
42.33,4167.0,9999,70,Kansai,0
32.43,2636.0,285,31,Kanto,0
52.37,3107.0,316,50,Kanto,0
68.44,5034.0,93,66,Tokai,0
35.93,4050.0,9999,28,Kanto,0
39.4,3216.0,9999,26,Kanto,0
38.0,1081.0,261,48,Tokai,0
8.42,1508.0,9999,33,Kanto,0
43.72,2069.0,9999,70,Tokai,0
9.41,2157.0,365,39,Kansai,0
39.83,1612.0,367,67,Kanto,0
7.77,1478.0,52,74,Kanto,0
12.82,2216.0,135,51,Kansai,0
21.43,2908.0,33,41,Kanto,0
18.98,3605.0,4,55,Kanto,0
44.95,681.0,79,63,Tokai,0
23.41,1905.0,9999,37,Kansai,0
10.05,752.0,119,59,Kanto,0
17.53,2614.0,9999,68,Kansai,1
31.12,2586.0,298,44,Kansai,0
30.73,2448.0,118,50,Kansai,0
31.62,2210.0,248,54,Kansai,0
44.93,1930.0,109,45,Other,0
49.93,2455.0,9999,23,Kanto,0
37.97,3660.0,9999,61,Kanto,0
25.88,2030.0,13,67,Kanto,0
21.72,1131.0,9999,39,Kanto,0
63.37,3101.0,360,53,Kanto,0
30.24,4184.0,41,31,Kanto,0
35.32,1089.0,335,35,Kansai,0
19.6,961.0,323,61,Kanto,0
19.46,1060.0,109,24,Tokai,0
12.02,2433.0,379,63,Kanto,0
28.82,6616.0,43,54,Other,0
19.45,6001.0,244,63,Kansai,0
22.19,3108.0,4,46,Tokai,0
49.24,1039.0,9999,20,Other,0
8.51,5961.0,375,53,Other,0
17.08,6149.0,79,62,Kansai,0
32.75,1431.0,170,51,Kanto,0
31.46,2636.0,80,63,Kansai,0
55.91,4171.0,383,58,Kansai,0
5.69,5498.0,29,52,Kanto,0
52.16,2389.0,9999,50,Kanto,0
11.09,4430.0,9999,32,Kanto,0
22.65,3300.0,338,64,Kanto,0
8.23,3187.0,106,21,Kanto,0
2.03,3005.0,180,49,Kansai,0
51.51,6802.0,238,29,Kanto,0
15.24,2735.0,302,42,Kansai,0
40.16,3563.0,334,52,Tokai,0
19.35,6826.0,277,58,Kansai,0
56.76,3722.0,175,64,Other,0
20.75,1836.0,9999,48,Kanto,0
24.3,2550.0,40,49,Other,0
16.87,1530.0,233,53,Kanto,0
11.98,2522.0,387,71,Other,0
42.82,2391.0,30,58,Kanto,0
28.05,2050.0,352,36,Tokai,0
2.55,3008.0,9999,41,Kanto,0
57.59,801.0,330,24,Kansai,0
24.67,7713.0,6,30,Kanto,0
12.66,2423.0,90,41,Tokai,1
7.69,2643.0,171,51,Kansai,0
13.18,5900.0,116,43,Other,0
34.24,3689.0,9999,30,Kansai,1
44.23,2017.0,325,30,Kansai,0
22.9,2205.0,148,36,Kanto,0
81.33,4927.0,9999,51,Tokai,0
20.79,5341.0,370,38,Kanto,0
26.08,1874.0,142,46,Other,0
10.95,5816.0,189,51,Kanto,0
25.09,856.0,99,44,Kansai,0
46.15,6281.0,9999,47,Kansai,0
62.25,3335.0,258,59,Kanto,0
39.85,5772.0,9999,71,Tokai,0
5.87,3929.0,173,46,Kanto,0
9.97,1955.0,9999,33,Kanto,0
5.87,2504.0,26,61,Other,0
14.05,2005.0,9999,58,Kanto,0
18.14,1632.0,9999,21,Tokai,0
12.08,3592.0,181,36,Kansai,0
38.04,658.0,387,20,Tokai,0
11.55,2405.0,376,64,Kanto,0
34.42,2839.0,9999,51,Kansai,0
42.4,685.0,153,38,Kanto,0
22.28,3282.0,232,33,Kansai,0
49.66,3920.0,9999,50,Other,0
36.72,3573.0,389,37,Kanto,0
17.66,3540.0,196,71,Tokai,0
25.81,2886.0,9999,33,Kanto,0
18.95,1319.0,23,66,Kanto,0
41.55,226.0,391,33,Kanto,0
37.37,2360.0,103,43,Kanto,0
31.57,1948.0,143,24,Kanto,0
8.4,2835.0,246,35,Kanto,0
17.04,1570.0,224,24,Tokai,0
14.78,5091.0,260,73,Kanto,0
3.99,839.0,272,32,Kanto,0
10.33,1780.0,165,35,Kanto,0
10.52,2288.0,87,34,Tokai,0
22.79,3599.0,384,50,Kanto,1
40.37,3610.0,199,24,Other,0
18.54,4636.0,252,40,Kanto,0
23.56,4244.0,322,49,Kanto,0
23.57,2386.0,9999,42,Kanto,0
25.57,4452.0,353,57,Kanto,0
27.73,2404.0,22,48,Tokai,0
49.29,790.0,9999,32,Kansai,0
22.46,862.0,9999,51,Kanto,0
49.79,2242.0,236,67,Kanto,0
27.08,1245.0,9999,61,Kanto,0
24.48,2510.0,273,46,Other,0
70.69,4321.0,229,53,Other,1
44.05,2097.0,165,64,Kansai,0
4.28,567.0,328,68,Kansai,0
33.83,3744.0,114,52,Other,0
10.93,1949.0,52,23,Kansai,0
27.91,2287.0,13,37,Other,0
12.32,9041.0,146,25,Kansai,0
31.09,4640.0,197,47,Kanto,0
58.08,5329.0,276,63,Tokai,0
35.2,2134.0,146,46,Kansai,0
21.16,7872.0,9999,45,Tokai,0
19.06,1432.0,145,39,Kanto,0
52.87,801.0,220,32,Kansai,0
34.42,8710.0,51,47,Kanto,0
50.95,578.0,130,53,Kanto,0
38.88,1957.0,24,68,Tokai,0
24.86,3780.0,279,42,Kansai,0
32.59,2153.0,375,29,Kansai,0
61.61,1695.0,97,70,Other,0
26.37,2738.0,183,49,Tokai,0
18.22,2625.0,8,41,Kansai,0
17.19,2951.0,9999,24,Kansai,0
39.67,5633.0,389,72,Kanto,0
20.25,3916.0,31,63,Other,0
22.86,2338.0,182,69,Kanto,0
46.35,3205.0,9999,28,Tokai,0
10.12,131.0,196,62,Kanto,0
27.99,2449.0,263,23,Kanto,0
49.15,3372.0,177,61,Kanto,0
31.6,1573.0,298,20,Kansai,1
28.17,2001.0,9999,53,Kanto,0
37.74,4654.0,9999,60,Kanto,0
32.32,1229.0,387,74,Kansai,1
24.54,4731.0,202,45,Kanto,0
5.08,6849.0,247,37,Kanto,0
38.93,2041.0,178,35,Kanto,0
9.09,1243.0,9999,42,Tokai,0
40.66,1634.0,353,65,Kansai,1
4.91,6557.0,224,55,Other,0
13.41,1187.0,6,45,Kanto,0
31.14,1246.0,260,21,Kanto,0
23.48,569.0,9999,63,Kanto,0
20.66,1973.0,261,71,Other,0
68.17,3014.0,91,24,Kansai,0
41.26,6031.0,11,48,Kansai,0
5.31,2101.0,177,23,Other,0
49.06,3707.0,9999,66,Kanto,0
45.48,1659.0,9999,54,Kanto,0
36.08,1073.0,9999,41,Tokai,0
18.81,5531.0,364,68,Tokai,0
39.61,2957.0,279,27,Tokai,0
28.42,3907.0,295,63,Tokai,0
43.66,2899.0,269,40,Kansai,0
14.19,774.0,353,27,Other,0
17.51,4637.0,209,71,Kansai,0
10.94,1585.0,334,71,Kanto,0
15.09,3579.0,60,24,Kansai,0
19.98,1121.0,132,40,Tokai,0
32.37,1188.0,9999,46,Tokai,0
15.23,1679.0,9999,57,Kanto,0
27.15,1377.0,269,24,Kanto,0
48.51,1035.0,15,40,Kanto,0
35.97,8575.0,9999,27,Other,0
19.67,2665.0,351,41,Kanto,0
1.55,694.0,207,37,Kansai,0
28.0,1081.0,299,23,Kansai,0
18.61,1449.0,214,23,Other,0
11.69,1868.0,232,56,Tokai,0
28.67,4087.0,9999,34,Other,0
45.25,3014.0,80,57,Kansai,0
17.18,2619.0,51,46,Other,0
41.98,828.0,1,40,Kanto,0
23.35,3661.0,157,67,Kansai,0
34.31,784.0,73,65,Other,0
47.99,2278.0,109,65,Kanto,0
1.59,3149.0,5,67,Other,0
35.24,3222.0,113,73,Kanto,0
65.77,2883.0,166,23,Kanto,0
53.79,2964.0,15,30,Kanto,0
12.28,2806.0,303,38,Kansai,0
31.63,937.0,284,38,Kanto,0
71.83,898.0,48,46,Kanto,0
20.96,4353.0,297,59,Other,0
47.98,4393.0,9999,61,Other,0
30.1,1175.0,9999,47,Kanto,0
22.0,2913.0,1,24,Kansai,0
47.77,3308.0,397,67,Kansai,0
47.71,2621.0,176,44,Kanto,0
13.02,4749.0,31,22,Kansai,0
53.04,1911.0,147,45,Kansai,0
0.54,2032.0,160,29,Kansai,0
21.42,4781.0,261,43,Tokai,0
29.08,959.0,330,48,Kansai,0
21.06,4249.0,374,64,Kanto,0
27.98,6189.0,122,26,Kansai,0
18.35,3606.0,160,63,Kansai,0
26.32,2488.0,154,42,Tokai,0
42.01,992.0,181,65,Kansai,0
27.75,2903.0,9999,46,Tokai,0
62.36,1541.0,388,61,Kanto,0
27.47,2138.0,9999,28,Kansai,0
23.12,3275.0,346,63,Tokai,0
75.01,1390.0,203,22,Tokai,0
48.77,1116.0,194,32,Kansai,0
38.58,1786.0,244,25,Kanto,0
6.75,5778.0,208,57,Tokai,0
57.95,3316.0,9999,40,Kanto,0
42.21,1525.0,232,38,Kanto,0
10.76,1645.0,147,44,Kansai,0
37.37,5161.0,387,58,Kanto,0
13.74,892.0,9999,23,Kanto,0
53.28,5706.0,210,41,Kanto,0
55.02,1352.0,333,24,Tokai,0
45.28,5566.0,29,20,Kanto,0
18.58,4336.0,264,69,Kansai,0
43.91,1231.0,22,36,Tokai,0
8.76,3934.0,14,28,Kansai,0
30.26,728.0,306,28,Kanto,0
22.69,4863.0,151,72,Tokai,0
22.08,1209.0,371,43,Kanto,0
9.32,4870.0,9999,29,Kanto,0
29.19,939.0,69,39,Kanto,0
12.94,1270.0,362,36,Kanto,0
19.31,6569.0,257,32,Other,0
38.42,3541.0,56,48,Tokai,0
29.0,1365.0,325,55,Kanto,0
19.69,3094.0,304,42,Other,0
13.17,3049.0,257,46,Kanto,0
34.58,2217.0,9999,37,Kansai,0
35.99,3031.0,260,37,Other,1
16.97,5196.0,9999,73,Other,0
20.72,4262.0,254,28,Kanto,0
29.79,3641.0,57,22,Tokai,0
12.9,1336.0,235,26,Kanto,0
32.57,930.0,91,34,Kanto,0
11.18,2475.0,298,49,Kansai,0
14.44,4320.0,346,28,Tokai,0
0.73,479.0,234,60,Kanto,0
13.86,1865.0,48,46,Kanto,0
4.68,3490.0,234,55,Kanto,0
20.08,5639.0,40,37,Kanto,0
17.15,284.0,341,50,Kanto,0
5.18,2464.0,395,36,Other,0
27.04,1775.0,9999,73,Kanto,0
52.79,2621.0,74,72,Kanto,0
66.79,3647.0,266,25,Kansai,0
6.14,666.0,283,58,Tokai,0
30.91,1290.0,9999,44,Tokai,0
35.27,1409.0,313,61,Tokai,0
40.36,2030.0,72,61,Kanto,0
21.44,5008.0,218,57,Tokai,1
34.08,1206.0,327,57,Kansai,0
41.24,1602.0,350,50,Kansai,0
57.24,904.0,9999,70,Other,0
29.3,2043.0,90,48,Other,0
3.93,2177.0,9999,59,Other,0
22.33,2296.0,29,28,Kanto,0
33.99,9327.0,9999,20,Kansai,0
18.37,4297.0,9999,35,Other,0
38.86,2536.0,330,57,Kansai,0
8.46,3609.0,367,42,Kanto,0
64.34,1714.0,36,27,Tokai,0
17.97,8238.0,20,66,Kanto,0
9.9,4420.0,50,31,Tokai,0
13.2,4047.0,43,29,Other,0
48.65,5753.0,273,35,Kansai,0
14.21,7036.0,107,66,Kansai,0
32.03,1230.0,9999,62,Kanto,1
58.35,5339.0,222,43,Other,0
12.78,3440.0,347,58,Kansai,0
51.12,3130.0,326,27,Kansai,0
40.88,6508.0,159,30,Tokai,0
4.06,1315.0,121,60,Kanto,0
43.84,2565.0,171,45,Kansai,0
44.35,2339.0,398,26,Tokai,0
3.59,3409.0,293,34,Other,0
26.0,3510.0,126,34,Kanto,0
28.85,5207.0,9999,67,Kanto,0
20.91,2719.0,27,22,Kansai,0
18.51,6833.0,349,35,Tokai,0
7.19,3655.0,219,34,Kanto,0
34.77,1211.0,365,44,Other,0
0.91,1746.0,9999,52,Kanto,0
27.08,4039.0,375,33,Kanto,0
20.62,3501.0,220,43,Kanto,0
23.54,3375.0,75,73,Other,0
37.03,7446.0,9999,30,Kanto,0
20.74,4876.0,230,22,Kansai,0
33.2,1998.0,37,28,Kansai,0
24.36,2385.0,359,25,Tokai,0
18.29,1924.0,145,50,Kanto,0
26.54,1424.0,24,74,Tokai,0
37.13,7762.0,9999,35,Kanto,0
33.93,3481.0,241,30,Other,0
1.61,1065.0,140,69,Other,0
37.0,6438.0,358,36,Kanto,0
30.93,1575.0,9999,68,Other,0
3.44,3095.0,0,22,Kanto,0
40.81,2801.0,343,38,Tokai,0
28.69,807.0,383,43,Kansai,0
62.74,509.0,104,74,Kansai,0
13.0,4330.0,244,66,Kanto,0
36.83,5553.0,44,61,Kansai,0
20.68,3223.0,373,27,Kanto,1
50.18,10786.0,9999,68,Kansai,0
25.7,1672.0,54,55,Kanto,0
60.41,636.0,9999,59,Tokai,0
7.85,3550.0,385,21,Kansai,0
29.56,1288.0,173,42,Tokai,0
36.85,2557.0,345,59,Tokai,0
39.31,4939.0,0,49,Kanto,0
52.92,1821.0,9999,44,Kanto,0
31.0,2559.0,275,26,Kanto,0
5.68,5394.0,310,47,Other,0
15.55,2339.0,332,60,Kansai,0
9.5,3549.0,280,69,Tokai,0
65.95,3833.0,9999,36,Other,0
23.49,2353.0,304,51,Other,0
20.25,2404.0,9999,20,Kansai,0
34.12,2627.0,291,46,Kansai,0
37.13,1678.0,85,63,Other,0
25.79,3437.0,9999,55,Other,0
32.84,1705.0,340,68,Tokai,0
41.97,1872.0,349,26,Kansai,1
13.08,1305.0,9999,22,Kansai,0
32.75,5658.0,37,49,Kanto,0
30.91,944.0,214,20,Other,0
44.33,7556.0,119,70,Kansai,0
45.2,2458.0,315,53,Kanto,0
17.66,2005.0,9999,57,Kanto,0
6.63,1307.0,9999,62,Other,0
26.61,1409.0,227,74,Kansai,0
35.01,1699.0,393,72,Kanto,0
51.61,12518.0,9999,55,Kanto,0
10.97,1696.0,341,52,Kansai,0
6.26,3607.0,121,62,Kanto,0
13.26,2262.0,303,35,Kansai,0
5.83,7933.0,9999,57,Tokai,0
32.54,3058.0,9999,30,Kansai,0
28.86,1079.0,321,27,Other,0
35.32,1909.0,9999,71,Kanto,0
13.4,9734.0,100,20,Kanto,0
40.68,4425.0,123,33,Kanto,0
15.63,2576.0,9999,49,Kanto,0
29.7,1352.0,67,40,Kanto,0
64.34,1465.0,95,40,Tokai,0
14.21,1200.0,210,53,Kanto,0
16.7,762.0,294,57,Other,0
12.97,4250.0,301,45,Kanto,0
17.83,3785.0,145,60,Tokai,0
17.08,2906.0,9999,33,Other,0
18.53,6128.0,9999,73,Kanto,0
21.89,4155.0,196,59,Kansai,0
33.83,895.0,217,54,Tokai,0
46.04,2651.0,351,61,Kansai,0
30.11,4574.0,331,37,Kansai,0
24.1,2668.0,191,39,Kanto,0
4.19,2837.0,207,28,Tokai,0
64.92,745.0,174,60,Tokai,0
28.11,1736.0,117,70,Kanto,0
29.13,3625.0,229,64,Other,0
54.63,2393.0,343,52,Kansai,0
18.97,839.0,370,68,Kansai,0
24.86,4531.0,389,23,Other,0
43.92,2322.0,187,23,Kansai,0
46.36,2809.0,382,67,Kanto,1
26.73,903.0,3,35,Kansai,0
28.19,671.0,238,66,Tokai,0
56.93,2911.0,396,45,Tokai,0
22.37,5669.0,315,25,Other,0
23.06,4446.0,237,56,Kanto,0
35.32,4056.0,322,41,Kanto,0
23.21,3079.0,9999,61,Kansai,0
23.84,1036.0,283,58,Kansai,0
36.53,418.0,399,26,Kanto,0
41.33,10540.0,9999,61,Other,0
14.13,2313.0,352,49,Kanto,0
27.89,1772.0,286,29,Kanto,0
47.7,2775.0,18,34,Other,0
36.18,1303.0,187,25,Kanto,0
29.62,1923.0,282,43,Other,0
34.62,7446.0,398,21,Kanto,0
10.85,3327.0,219,59,Kanto,0
22.69,3839.0,9999,71,Tokai,0
15.05,2456.0,135,34,Other,0
29.45,5225.0,372,72,Kansai,0
53.62,5140.0,209,40,Kanto,0
13.75,2271.0,242,37,Tokai,0
26.43,2660.0,9999,24,Kanto,0
16.67,5762.0,148,44,Other,0
12.88,2767.0,48,55,Kanto,0
32.69,2091.0,260,29,Other,0
11.58,2197.0,264,70,Kansai,0
33.84,1913.0,398,65,Kansai,0
35.98,2744.0,9999,42,Tokai,0
17.38,1957.0,27,43,Kanto,0
27.83,2739.0,295,64,Other,0
67.42,1597.0,340,29,Kanto,1
3.64,3370.0,9999,73,Kanto,0
22.45,3692.0,9999,25,Kansai,0
59.83,4104.0,356,32,Other,0
34.66,3735.0,260,40,Kanto,0
40.32,4981.0,80,51,Kansai,0
52.8,2887.0,192,62,Kansai,0
45.99,2723.0,292,73,Kanto,0
33.55,1753.0,362,34,Kanto,0
39.01,4349.0,317,21,Kansai,0
14.65,1834.0,357,34,Kanto,0
23.36,648.0,214,70,Kansai,0
53.56,1693.0,363,36,Tokai,0
54.59,4556.0,71,39,Other,0
29.32,4001.0,81,69,Kanto,0
26.06,3146.0,81,25,Kansai,0
14.62,9282.0,9999,34,Kanto,0
38.36,3381.0,38,36,Kansai,0
3.72,1495.0,9999,45,Other,0
15.27,1397.0,116,41,Kanto,0
32.91,3732.0,234,28,Kansai,0
30.34,6297.0,9999,31,Tokai,0
26.62,2699.0,292,41,Kansai,0
23.94,3447.0,105,42,Kansai,0
6.73,3563.0,142,56,Kanto,0
54.21,9496.0,9999,33,Kansai,0
16.69,4805.0,213,43,Kanto,0
31.25,5537.0,293,27,Tokai,0
57.55,1450.0,229,45,Kansai,0
42.51,1829.0,189,51,Other,0
60.35,1731.0,111,47,Kanto,0
16.44,2302.0,343,51,Kansai,0
20.87,2840.0,359,41,Kansai,0
48.07,3294.0,137,68,Kanto,0
25.08,2574.0,394,28,Kansai,0
13.7,1702.0,9999,22,Kanto,0
62.45,1233.0,9999,44,Kanto,0
19.18,3513.0,80,58,Kanto,0
29.92,4179.0,151,31,Kanto,0
26.85,2371.0,9999,48,Other,0
31.45,743.0,99,22,Kanto,0
16.64,4775.0,1,60,Other,0
3.52,2303.0,9999,65,Kanto,0
34.59,961.0,163,42,Kansai,0
34.85,2677.0,207,42,Kansai,0
8.21,4978.0,223,74,Other,0
21.57,2032.0,9999,37,Tokai,0
8.27,306.0,168,30,Other,0
41.67,2223.0,9999,55,Tokai,0
8.8,1642.0,308,45,Kanto,0
35.31,3003.0,263,27,Other,0
38.24,2719.0,162,47,Other,0
25.38,1912.0,121,37,Kanto,0
60.67,1832.0,312,32,Other,0
1.93,5879.0,223,55,Tokai,0
41.87,3718.0,9999,61,Other,0
34.04,3644.0,245,59,Other,0
48.49,4609.0,255,63,Other,0
61.47,2290.0,208,70,Other,0
28.24,6832.0,394,31,Kanto,0
23.87,3316.0,212,41,Kanto,0
53.67,2908.0,134,21,Kanto,0
16.88,3289.0,9999,59,Kanto,0
42.19,2217.0,298,47,Kanto,0
32.65,1697.0,295,32,Tokai,0
56.65,5273.0,305,52,Kanto,0
7.15,1150.0,359,22,Tokai,0
6.15,1227.0,156,53,Other,0
20.77,2510.0,16,42,Tokai,0
27.82,1461.0,9999,74,Kansai,0
38.76,745.0,64,51,Kanto,0
13.73,1195.0,360,39,Kanto,0
4.26,1492.0,41,47,Kansai,0
70.27,3411.0,187,27,Tokai,0
20.32,2382.0,31,22,Kansai,0
46.37,4734.0,261,49,Tokai,0
12.02,1145.0,326,44,Kanto,0
22.83,1299.0,85,72,Kanto,0
8.95,3086.0,185,49,Tokai,0
64.89,1646.0,9999,48,Kanto,0
18.63,2141.0,221,66,Kansai,0
6.98,1207.0,9999,49,Other,0
54.52,1144.0,9999,53,Kanto,0
20.77,1602.0,9999,44,Kansai,0
58.47,4905.0,9999,36,Tokai,0
34.27,943.0,158,43,Tokai,0
28.75,5255.0,9999,57,Kanto,0
42.03,4624.0,9999,47,Other,0
15.74,1909.0,9999,52,Kanto,0
19.48,2712.0,7,55,Kansai,0
30.07,3247.0,9999,70,Kansai,0
41.73,4045.0,389,26,Kanto,0
27.91,1298.0,383,42,Kanto,0
4.44,4339.0,40,73,Kanto,0
30.87,2856.0,116,65,Kansai,0
21.99,1370.0,9999,45,Kanto,0
27.8,2876.0,250,33,Other,0
24.8,1359.0,198,61,Kanto,0
24.39,2649.0,9999,47,Other,0
28.67,1969.0,43,43,Other,0
45.68,2976.0,208,26,Kansai,0
11.58,3088.0,187,67,Kansai,0
21.33,5691.0,174,55,Kanto,0
10.9,3902.0,153,58,Other,0
20.7,3484.0,105,34,Tokai,0
27.86,708.0,86,68,Other,0
11.69,4809.0,320,22,Kansai,0
31.55,2026.0,9999,67,Other,0
31.62,1207.0,254,21,Kansai,0
13.42,8393.0,148,26,Other,0
22.3,1645.0,79,35,Kanto,0
4.39,6063.0,9999,40,Kansai,1
13.66,3274.0,9999,28,Tokai,0
19.35,3733.0,174,31,Tokai,0
17.54,2664.0,145,48,Kansai,0
5.91,1397.0,300,43,Tokai,0
10.25,4185.0,387,52,Kanto,0
22.22,3126.0,227,33,Kansai,0
50.0,3097.0,315,62,Kansai,0
40.09,2820.0,358,37,Kanto,1
27.14,2258.0,9999,73,Tokai,0
36.17,4204.0,82,24,Kanto,0
52.53,3671.0,9999,34,Kanto,0
9.37,4494.0,196,26,Kansai,0
54.17,2327.0,361,44,Other,0
37.6,2202.0,286,33,Kansai,0
45.74,1851.0,243,71,Other,0
10.11,2872.0,349,59,Kansai,0
19.83,737.0,197,55,Tokai,0
44.18,10835.0,63,54,Kanto,0
25.46,1718.0,244,63,Other,0
23.12,5573.0,260,69,Kansai,0
52.68,1996.0,100,43,Kansai,0
23.33,3868.0,9999,34,Kanto,0
31.12,7187.0,113,30,Other,0
52.47,3735.0,204,43,Tokai,0
55.97,6940.0,77,30,Other,0
13.0,5376.0,267,63,Kanto,0
22.67,1328.0,153,70,Kanto,0
39.42,4226.0,244,36,Kanto,0
59.66,3375.0,112,25,Kansai,0
13.26,1620.0,26,40,Other,0
40.26,5098.0,389,27,Kanto,0
23.86,1117.0,320,34,Kanto,0
52.08,4899.0,170,73,Kanto,0
14.5,4261.0,23,71,Tokai,0
53.01,2911.0,9999,51,Kanto,0
39.11,1779.0,84,29,Other,0
21.3,4190.0,9999,47,Kanto,0
6.89,559.0,239,34,Tokai,0
34.95,1545.0,170,31,Kansai,0
25.39,2691.0,370,62,Kanto,0
5.0,2913.0,9999,37,Tokai,0
53.9,1573.0,185,56,Kansai,0
21.8,1601.0,203,63,Tokai,0
51.18,3809.0,216,43,Tokai,0
36.38,1357.0,9999,56,Kanto,0
54.45,2114.0,346,73,Other,0
2.14,1113.0,123,48,Tokai,0
30.39,2789.0,92,29,Tokai,0
65.2,2353.0,115,33,Kansai,0
14.11,516.0,131,35,Kanto,0
29.88,945.0,115,56,Kanto,1
9.44,5786.0,329,30,Other,0
63.59,1668.0,57,70,Other,0
21.82,3431.0,193,45,Kansai,0
31.55,1289.0,312,59,Kanto,0
26.07,6303.0,145,38,Tokai,0
42.24,696.0,32,71,Tokai,0
17.08,5441.0,40,73,Other,0
25.66,2906.0,62,37,Kanto,0
26.52,4122.0,9999,49,Kanto,0
6.07,5838.0,328,51,Kanto,0
3.98,3193.0,32,42,Kanto,0
33.54,7310.0,195,72,Other,0
4.61,5781.0,139,31,Kansai,0
22.88,4041.0,289,32,Other,0
12.77,5231.0,261,40,Kanto,0
28.8,2724.0,240,40,Kansai,0
41.48,1407.0,157,48,Kansai,0
41.25,9924.0,68,48,Kanto,0
32.38,2848.0,371,69,Kansai,0
31.35,3293.0,9999,46,Kansai,0
44.0,983.0,9999,48,Other,0
32.13,6058.0,29,34,Kanto,0
18.06,3236.0,369,66,Other,0
4.57,3807.0,363,31,Other,0
48.57,4135.0,9999,60,Tokai,0
65.18,1635.0,126,38,Tokai,0
19.31,5959.0,371,31,Kanto,0
20.61,3462.0,27,42,Kansai,0
4.12,547.0,315,24,Tokai,0
20.57,5244.0,175,45,Kansai,0
25.11,2557.0,384,72,Kanto,1
13.71,1762.0,9999,71,Other,0
13.03,761.0,182,29,Kansai,0
27.23,2115.0,262,41,Other,1
24.61,1956.0,58,58,Kansai,0
14.12,5594.0,208,42,Tokai,0
48.61,1850.0,180,30,Tokai,0
1.48,898.0,91,47,Tokai,0
45.4,3833.0,9999,50,Kanto,0
14.23,5767.0,74,27,Kanto,0
24.15,2213.0,317,72,Kansai,0
33.41,8180.0,9999,58,Other,0
28.11,5203.0,9999,67,Kansai,0
20.61,6078.0,396,47,Kanto,0
18.51,3764.0,88,35,Kanto,0
24.59,3503.0,9999,65,Kansai,0
43.83,1792.0,138,66,Kansai,0
34.91,7100.0,9999,71,Other,0
11.8,6400.0,354,50,Kansai,0
55.48,7193.0,392,60,Kanto,0
7.68,2734.0,42,67,Kansai,0
48.4,2239.0,291,35,Tokai,0
36.77,4449.0,9999,24,Kansai,0
8.13,2024.0,9999,54,Kanto,0
45.55,2754.0,14,72,Kanto,0
37.4,608.0,9999,44,Tokai,0
34.04,3304.0,21,32,Kanto,0
14.68,4034.0,307,48,Kanto,0
26.73,6161.0,346,46,Kanto,0
16.05,4555.0,53,59,Other,0
30.51,5040.0,24,36,Kanto,0
10.39,7857.0,392,56,Tokai,0
58.56,1563.0,192,57,Kansai,0
28.28,1367.0,53,48,Kansai,0
21.35,3159.0,381,53,Tokai,0
35.6,1244.0,9999,49,Kansai,0
57.35,3446.0,293,50,Kansai,0
16.4,1280.0,80,41,Kanto,0
41.38,1486.0,7,65,Kansai,0
29.33,769.0,350,44,Other,0
24.21,3273.0,275,23,Other,0
2.71,1026.0,325,54,Tokai,0
33.07,3877.0,9999,60,Other,0
40.27,4284.0,217,69,Other,0
49.03,1695.0,62,63,Tokai,0
40.97,4656.0,9999,28,Kansai,0
23.17,4336.0,272,45,Kansai,0
13.82,5375.0,307,46,Other,0
3.14,1592.0,9999,46,Tokai,0
42.13,1545.0,9999,37,Other,0
33.24,4144.0,286,49,Kanto,0
26.14,3131.0,148,64,Kanto,0
13.6,3323.0,9999,65,Kanto,0
5.86,6287.0,340,50,Kanto,0
60.14,902.0,204,61,Other,0
54.26,4854.0,279,22,Kanto,0
62.98,4340.0,207,48,Kansai,0
58.44,4039.0,9999,26,Kanto,0
26.24,5114.0,241,37,Kanto,0
13.72,2474.0,9999,35,Kanto,0
21.21,1213.0,9999,68,Other,0
14.38,1845.0,9999,51,Tokai,0
16.5,1682.0,361,57,Tokai,0
35.07,256.0,9999,44,Other,0
12.37,4043.0,193,63,Other,0
30.01,2258.0,57,51,Kansai,0
8.82,2504.0,9999,38,Kanto,0
28.14,1925.0,249,22,Kanto,0
26.28,2762.0,63,54,Kanto,0
57.17,6849.0,57,69,Kanto,0
9.79,759.0,79,48,Kanto,0
18.09,7610.0,375,30,Kanto,0
19.19,3250.0,355,25,Other,0
43.79,2015.0,101,38,Other,1
27.66,2187.0,9999,56,Kanto,0
36.01,1467.0,140,64,Other,0
29.82,550.0,396,46,Tokai,0
11.03,1287.0,244,24,Kanto,0
15.19,2769.0,365,45,Tokai,0
39.03,2365.0,190,54,Kanto,0
33.11,3728.0,173,38,Kanto,0
20.09,1938.0,9999,36,Kansai,0
4.9,1757.0,17,73,Kansai,1
12.33,9177.0,9999,54,Kanto,0
33.49,1495.0,324,66,Kansai,0
13.97,1565.0,216,68,Other,0
57.91,5062.0,314,32,Tokai,0
74.19,4330.0,61,33,Tokai,0
22.98,2114.0,257,49,Tokai,0
41.54,4552.0,9999,67,Tokai,0
33.25,2990.0,117,62,Kanto,0
42.65,1953.0,361,36,Other,0
66.09,4151.0,217,56,Other,0
29.31,2801.0,326,72,Kanto,0
1.33,581.0,102,34,Kansai,0
33.71,4154.0,235,37,Kansai,0
51.7,2538.0,9999,67,Kanto,0
5.72,6527.0,97,33,Kanto,0
60.69,4680.0,318,33,Kanto,0
64.36,3142.0,287,64,Other,0
44.02,2156.0,282,52,Kanto,0
7.91,2751.0,307,57,Kanto,0
26.41,1440.0,251,74,Kanto,0
14.51,3142.0,8,30,Tokai,0
34.46,6823.0,9999,30,Other,0
12.06,8168.0,9999,67,Kansai,0
51.78,5658.0,87,45,Kanto,0
22.91,3027.0,206,22,Kansai,0
21.15,897.0,385,44,Tokai,0
19.63,2642.0,9999,36,Tokai,0
18.24,4869.0,9999,41,Tokai,0
25.23,4540.0,9999,48,Kanto,0
4.07,2477.0,79,65,Kanto,0
35.78,2346.0,9999,45,Kanto,0
15.55,3545.0,9999,53,Other,0
42.36,2863.0,188,45,Kansai,0
44.69,2632.0,197,28,Tokai,0
44.49,2548.0,229,59,Other,0
34.95,6136.0,328,30,Other,0
31.6,1300.0,130,26,Kanto,0
49.76,2254.0,11,49,Kanto,0
35.3,2342.0,70,73,Other,0
34.85,3080.0,220,21,Other,0
39.84,2804.0,141,49,Kansai,0
59.25,2683.0,382,23,Other,0
65.36,1362.0,53,74,Kanto,0
6.8,2802.0,9999,33,Kanto,0
44.72,4087.0,9999,32,Kansai,0
11.59,3148.0,9999,73,Other,0
28.14,1281.0,369,44,Tokai,0
11.96,2956.0,53,32,Kansai,0
19.89,2835.0,219,32,Kanto,0
7.04,2195.0,65,56,Kanto,0
45.52,3170.0,9999,63,Other,1
37.96,1796.0,166,25,Kanto,0
66.18,4197.0,292,45,Tokai,0
44.06,7872.0,389,73,Tokai,0
6.95,4421.0,9999,33,Tokai,0
50.96,1596.0,377,27,Other,0
14.93,4057.0,337,43,Kansai,0
31.47,4689.0,232,41,Tokai,0
10.39,3509.0,302,59,Kanto,0
59.29,3738.0,47,58,Kanto,0
14.93,2636.0,9999,68,Kansai,1
17.3,1133.0,271,40,Kanto,0
53.98,2518.0,20,62,Other,0
20.64,1428.0,9999,45,Tokai,0
55.49,2375.0,244,29,Kanto,0
26.47,1911.0,9999,32,Kanto,0
20.75,1358.0,9999,61,Kanto,0
5.37,5991.0,9999,72,Kansai,0
44.52,2767.0,30,33,Other,0
61.85,1956.0,123,28,Kansai,0
30.8,792.0,9999,26,Kanto,0
62.02,4543.0,9999,58,Kanto,0
15.91,3215.0,229,50,Kanto,0
36.46,8540.0,220,69,Kansai,0
19.77,1695.0,87,35,Kanto,0
56.61,5704.0,9999,27,Kanto,0
21.27,2518.0,106,67,Kanto,0
31.77,1484.0,95,70,Kansai,0
45.41,2112.0,330,34,Kansai,0
54.53,2985.0,121,44,Other,0
60.97,1958.0,9999,66,Tokai,0
5.41,1164.0,5,57,Tokai,0
45.88,1446.0,2,60,Kanto,0
27.97,3838.0,252,34,Kanto,0
30.73,1314.0,244,44,Kansai,0
32.62,1781.0,81,26,Kanto,0
10.72,1350.0,247,45,Kanto,0
37.71,3266.0,205,27,Kanto,1
16.41,11045.0,9999,37,Kanto,0
9.33,3740.0,4,40,Kanto,0
42.92,1639.0,9999,35,Other,0
43.91,3264.0,312,66,Kanto,0
49.07,1710.0,75,22,Kanto,0
23.38,3073.0,23,20,Kanto,0
58.74,6422.0,269,32,Tokai,0
27.35,2671.0,117,73,Tokai,0
53.38,3409.0,150,51,Kanto,0
49.78,2746.0,122,31,Tokai,0
19.64,4786.0,325,50,Kanto,0
20.7,4129.0,276,60,Tokai,0
30.93,2176.0,38,21,Tokai,0
64.65,4131.0,263,60,Tokai,0
22.02,3090.0,395,27,Tokai,0
32.83,2058.0,40,44,Kanto,0
33.25,2082.0,9999,24,Kansai,0
21.43,3031.0,289,64,Kanto,0
57.3,3378.0,9999,21,Other,0
20.52,2478.0,74,61,Kanto,0
34.14,3429.0,9999,57,Kansai,0
36.97,1607.0,322,58,Kanto,0
44.57,1271.0,283,22,Kanto,0
32.98,888.0,257,65,Kansai,0
16.97,3800.0,11,67,Kansai,0
56.34,823.0,9999,57,Kanto,0
1.02,3408.0,321,41,Kanto,0
24.98,1977.0,45,59,Tokai,0
28.2,2224.0,10,52,Kanto,0
40.26,2245.0,25,71,Kansai,0
19.54,9904.0,304,51,Kansai,0
39.93,1817.0,307,66,Kansai,0
32.1,1416.0,249,36,Kanto,0
39.95,7614.0,153,37,Tokai,0
44.88,964.0,265,22,Kanto,0
37.86,1148.0,258,25,Kanto,0
46.51,4595.0,9,68,Kansai,0
34.55,3480.0,141,74,Kanto,0
16.46,2076.0,26,32,Kanto,0
13.66,1296.0,9999,74,Tokai,0
36.72,523.0,362,73,Other,0
14.67,6631.0,9999,50,Kansai,0
3.96,4138.0,151,36,Kanto,0
59.68,6205.0,9999,40,Kanto,0
64.3,5116.0,301,35,Kansai,0
14.53,3591.0,226,36,Kansai,0
21.52,1783.0,111,51,Kanto,0
16.81,1300.0,369,20,Tokai,0
35.87,5418.0,9999,67,Kanto,0
16.12,1980.0,117,57,Kanto,0
19.81,1355.0,87,27,Kanto,0
42.31,1695.0,348,20,Tokai,0
10.17,5620.0,9999,21,Kanto,0
30.4,1457.0,374,66,Kanto,1
9.32,2084.0,142,56,Kanto,0
13.77,2519.0,209,43,Other,0
8.09,3139.0,192,46,Kansai,0
26.37,1375.0,9999,39,Kanto,0
30.0,2465.0,385,66,Tokai,0
2.8,4649.0,294,40,Kanto,0
25.04,8548.0,137,61,Kansai,0
7.9,1198.0,9999,56,Kansai,0
65.39,1345.0,326,54,Kansai,0
45.1,1494.0,9999,57,Kanto,0
33.2,3972.0,290,72,Other,0
46.02,1264.0,9999,34,Kansai,1
22.14,2408.0,9999,69,Other,0
41.97,2246.0,168,65,Tokai,0
14.23,8994.0,9999,61,Other,0
25.62,1807.0,10,49,Kansai,0
12.76,1733.0,384,23,Kanto,0
75.35,3970.0,9999,62,Tokai,0
3.83,3258.0,169,71,Tokai,0
8.39,1651.0,324,58,Other,0
14.73,5857.0,281,34,Kanto,0
52.23,941.0,380,42,Kansai,0
24.07,2572.0,9999,60,Other,0
16.31,2150.0,301,34,Other,0
39.37,2428.0,9999,45,Kanto,0
73.14,1641.0,156,31,Tokai,0
19.8,2464.0,114,37,Kansai,0
42.43,3029.0,215,25,Kanto,0
45.31,346.0,338,37,Other,0
16.14,1925.0,93,69,Kansai,0
8.4,1503.0,340,73,Tokai,0
17.32,7318.0,197,43,Other,0
34.88,3516.0,397,57,Kanto,0
26.93,1442.0,18,47,Other,0
21.91,1855.0,333,34,Tokai,0
13.84,2205.0,324,38,Other,0
14.65,1827.0,9999,24,Kansai,1
34.11,3683.0,356,23,Kanto,0
22.66,6580.0,398,36,Tokai,0
24.81,158.0,9999,72,Kanto,0
1.13,2115.0,337,29,Kansai,0
17.96,8521.0,145,31,Kansai,0
51.85,2173.0,9999,24,Kansai,0
49.39,3141.0,373,26,Tokai,0
46.79,437.0,212,63,Tokai,1
44.45,5816.0,355,42,Tokai,0
27.93,1182.0,9999,21,Tokai,0
45.97,3462.0,9999,49,Other,0
16.76,1352.0,9999,71,Kanto,0
49.03,250.0,162,68,Other,0
19.05,3262.0,210,64,Kanto,0
42.83,4196.0,54,56,Kansai,0
38.42,2521.0,123,24,Kansai,0
24.7,1072.0,9999,39,Kansai,0
2.76,9531.0,180,45,Kanto,0
57.03,4097.0,310,63,Kanto,0
36.29,2948.0,332,63,Kanto,0
27.2,5255.0,390,58,Kansai,0
32.06,1826.0,91,25,Kanto,0
6.85,7753.0,152,48,Kanto,0
14.52,4144.0,224,29,Kanto,0
48.91,4953.0,182,70,Kanto,0
57.08,2086.0,9999,35,Other,1
12.21,1159.0,9999,53,Tokai,0
31.99,2976.0,239,50,Other,0
28.65,1882.0,9999,55,Kansai,1
42.54,8300.0,173,60,Other,0
21.11,918.0,392,24,Kansai,0
41.16,6122.0,111,52,Kansai,0
44.92,683.0,386,62,Kansai,0
26.79,1347.0,228,38,Kanto,0
41.77,670.0,53,51,Tokai,0
15.01,1829.0,136,42,Other,0
47.18,2286.0,201,22,Tokai,0
8.88,1667.0,374,20,Kansai,0
46.79,3460.0,36,55,Other,0
46.89,2298.0,329,60,Other,0
34.84,450.0,358,47,Kansai,1
26.41,1293.0,326,67,Other,0
18.39,2071.0,380,58,Kanto,0
41.07,5117.0,89,24,Kanto,0
5.96,2851.0,293,32,Kanto,0
18.16,1896.0,9999,30,Tokai,0
37.46,829.0,305,65,Kanto,0
19.14,2934.0,305,41,Kanto,0
21.21,5861.0,368,68,Kanto,0
29.4,2135.0,166,42,Kanto,0
27.75,1390.0,350,31,Kansai,0
8.59,3798.0,9999,72,Kanto,0
23.37,5243.0,5,74,Kansai,0
33.19,2339.0,9999,72,Kanto,0
43.1,4080.0,109,40,Kanto,0
54.05,1965.0,227,38,Other,0
36.25,4202.0,9999,24,Other,0
3.05,6041.0,9999,43,Kansai,0
68.1,4595.0,9999,49,Kanto,0
37.59,3700.0,9999,27,Other,1
21.2,7267.0,223,21,Kansai,0
23.84,2208.0,328,68,Tokai,0
34.56,3699.0,195,53,Kansai,0
13.65,2259.0,175,42,Kanto,0
12.16,3701.0,215,22,Tokai,0
26.01,4104.0,371,71,Tokai,0
68.53,4781.0,250,43,Kansai,0
40.37,2718.0,9999,37,Kanto,0
12.59,575.0,372,66,Other,0
1.37,2291.0,10,56,Kanto,0
11.7,4015.0,315,73,Tokai,0
33.28,3248.0,218,68,Kanto,0
20.76,3559.0,228,50,Kansai,0
45.95,4267.0,9999,33,Kanto,0
14.15,1157.0,273,20,Kansai,0
25.41,4404.0,9999,33,Kanto,0
50.68,7484.0,356,60,Kansai,0
13.77,2071.0,276,24,Kanto,0
17.97,4842.0,377,50,Other,0
24.64,2828.0,19,50,Other,0
31.66,3497.0,13,49,Tokai,0
26.35,4557.0,41,55,Other,1
6.23,3236.0,218,20,Kanto,0
13.43,1985.0,117,22,Other,0
21.98,3330.0,9999,39,Kanto,1
20.66,1385.0,271,62,Kansai,0
48.81,842.0,331,67,Kanto,0
57.59,6277.0,139,62,Other,0
50.99,3612.0,160,40,Kansai,0
12.31,4132.0,167,49,Kansai,0
53.41,3117.0,349,61,Other,0
30.0,685.0,236,63,Kansai,0
20.3,6014.0,258,49,Kansai,0
26.1,1988.0,296,24,Kanto,0
34.91,2272.0,384,29,Other,0
54.48,5575.0,45,43,Other,0
41.05,1369.0,388,64,Other,0
2.66,2138.0,281,70,Kanto,0
58.46,2034.0,334,58,Kanto,0
4.82,1338.0,163,67,Kanto,0
36.2,2861.0,204,25,Kanto,0
44.45,1479.0,115,29,Kanto,0
41.59,6174.0,9999,61,Kansai,0
8.84,790.0,248,62,Other,0
47.16,1043.0,9999,73,Other,0
33.68,2136.0,244,29,Kanto,0
19.46,2648.0,109,44,Kanto,0
15.09,1650.0,253,33,Kanto,0
34.05,4309.0,19,66,Kanto,0
35.87,2347.0,9999,58,Kansai,0
8.51,3746.0,9999,32,Kanto,0
37.0,5903.0,362,30,Other,0
44.8,7124.0,304,58,Kansai,0
7.67,2171.0,289,30,Kansai,0
41.68,2846.0,9999,65,Tokai,0
46.42,3225.0,138,68,Tokai,0
19.9,2221.0,389,35,Kansai,0
63.99,1273.0,290,52,Other,0
15.48,5028.0,9999,60,Kansai,0
20.59,1274.0,9999,60,Other,0
15.57,5337.0,9999,51,Kanto,0
58.89,3570.0,294,29,Kanto,0
23.38,3146.0,102,70,Other,0
21.33,1569.0,251,34,Kanto,0
12.86,525.0,355,35,Tokai,0
53.64,4950.0,387,62,Tokai,0
15.72,1554.0,0,46,Kanto,0
17.27,3713.0,252,68,Kansai,0
3.89,3840.0,117,70,Other,0
16.27,2677.0,9999,64,Other,0
8.36,3171.0,76,51,Tokai,0
25.46,3537.0,333,25,Tokai,0
40.16,3003.0,133,66,Other,0
18.87,1440.0,178,67,Tokai,0
20.77,797.0,9999,55,Kanto,0
10.81,1660.0,120,27,Kanto,0
59.03,2046.0,47,44,Kansai,0
52.6,6095.0,34,26,Kanto,0
41.09,1079.0,252,36,Kanto,0
39.22,6633.0,320,67,Other,0
11.13,7950.0,163,49,Tokai,0
34.74,1704.0,345,21,Other,0
32.96,7779.0,30,36,Kansai,0
35.99,2418.0,9999,23,Kansai,0
3.39,2155.0,9999,45,Kanto,0
16.28,6099.0,9999,33,Other,0
10.63,3078.0,9999,27,Kanto,0
15.51,2786.0,178,24,Kansai,0
19.28,1643.0,199,24,Kanto,1
28.01,1751.0,372,24,Kanto,0
35.15,2852.0,67,46,Kanto,0
52.24,6097.0,157,24,Kansai,0
13.64,1084.0,59,22,Other,0
40.46,2505.0,227,57,Kansai,0
27.16,916.0,276,49,Tokai,0
4.74,1580.0,105,20,Other,0
29.54,4061.0,13,27,Tokai,0
50.12,1365.0,359,32,Other,0
48.59,5173.0,10,39,Kansai,0
21.97,1359.0,9999,25,Other,0
25.38,1792.0,110,69,Kansai,0
39.86,577.0,331,69,Kanto,0
36.43,5178.0,217,67,Kanto,0
30.43,4719.0,29,27,Kanto,0
18.83,937.0,236,49,Kanto,0
45.21,2165.0,258,68,Other,0
18.09,2037.0,9999,59,Tokai,0
44.4,1915.0,366,34,Other,0
11.15,7985.0,39,29,Kansai,0
37.56,1897.0,104,52,Tokai,1
10.67,1418.0,155,28,Kanto,0
42.8,637.0,58,68,Tokai,0
52.77,1472.0,228,71,Tokai,0
27.35,6084.0,9999,52,Other,0
36.83,3055.0,257,28,Kansai,0
50.21,3060.0,370,33,Kansai,0
47.33,1539.0,341,51,Kanto,0
15.55,5509.0,9999,56,Tokai,0
22.33,3753.0,107,25,Other,0
56.26,1935.0,376,24,Kansai,0
26.09,1263.0,9999,23,Kanto,0
36.54,2510.0,85,67,Kanto,0
20.01,1343.0,173,35,Kansai,0
27.91,2314.0,9999,29,Tokai,0
58.45,2874.0,390,50,Kanto,0
21.87,1590.0,141,50,Other,0
27.37,330.0,281,33,Kanto,0
23.56,3471.0,202,32,Kanto,0
44.87,1625.0,244,23,Tokai,0
34.16,2858.0,177,65,Kansai,0
18.85,2384.0,139,45,Other,0
6.97,7165.0,337,43,Kanto,0
28.7,2657.0,389,28,Kanto,0
42.32,4690.0,9999,54,Kanto,0
25.44,2007.0,77,61,Kanto,0
36.67,1361.0,9999,34,Other,0
27.1,3569.0,127,43,Kanto,0
40.15,1542.0,213,50,Other,0
46.34,4179.0,9999,38,Tokai,0
5.33,1024.0,227,21,Kansai,0
22.17,3273.0,98,21,Other,0
22.66,2609.0,79,60,Kanto,0
25.84,6338.0,236,55,Kanto,0
13.91,3490.0,381,56,Tokai,0
32.97,2410.0,9999,53,Kanto,0
17.0,4382.0,393,58,Other,0
28.48,325.0,9999,38,Other,0
24.98,3773.0,373,57,Other,0
11.6,3986.0,9999,42,Other,0
20.73,4276.0,38,35,Kansai,0
39.99,4086.0,9999,65,Tokai,0
17.94,3673.0,198,63,Kanto,0
34.28,2072.0,9999,25,Tokai,0
27.82,2916.0,37,45,Kanto,0
5.24,1693.0,357,41,Other,0
6.22,1439.0,367,64,Other,0
11.39,2133.0,9999,66,Kanto,0
10.23,2321.0,384,43,Kanto,0
73.52,3377.0,191,65,Kansai,0
38.48,5743.0,278,59,Tokai,0
23.15,4635.0,183,40,Tokai,1
23.79,3205.0,98,49,Tokai,0
20.4,5311.0,124,71,Other,0
41.92,2674.0,111,30,Kanto,0
18.8,3709.0,274,72,Tokai,0
24.43,2077.0,9999,28,Kansai,0
39.71,2628.0,9999,31,Kanto,0
22.08,2213.0,27,45,Kansai,0
7.71,742.0,39,57,Other,0
55.12,756.0,122,70,Other,0
30.46,946.0,127,22,Tokai,0
38.81,3220.0,47,52,Other,0
38.28,5821.0,194,34,Kanto,0
42.72,5299.0,293,66,Other,0
12.43,3734.0,289,24,Kanto,0
9.33,1836.0,271,73,Kansai,0
55.49,1406.0,169,43,Kanto,0
32.21,2856.0,353,30,Other,0
0.65,1802.0,9999,74,Kanto,0
32.39,878.0,173,52,Kanto,0
10.71,1252.0,42,42,Kansai,0
17.38,2066.0,148,29,Kanto,0
28.34,5702.0,68,71,Kanto,0
18.38,664.0,233,62,Kansai,0
55.24,1053.0,77,47,Kanto,1
8.49,2187.0,231,58,Kanto,0
37.31,1521.0,110,36,Kanto,0
27.02,3459.0,369,63,Kanto,0
10.73,2230.0,13,45,Kansai,0
44.61,865.0,277,44,Tokai,0
31.26,1830.0,84,55,Kansai,0
7.41,2936.0,0,31,Kanto,0
37.52,3996.0,9999,22,Kansai,0
18.31,1044.0,335,69,Kansai,0
53.73,3062.0,49,48,Kanto,0
40.83,2104.0,332,63,Kanto,0
30.15,5270.0,305,43,Kanto,0
26.88,1847.0,236,38,Kanto,0
54.34,882.0,209,32,Kanto,0
22.08,1599.0,9999,35,Kanto,0
3.65,493.0,122,59,Kansai,0
30.04,542.0,199,46,Kansai,0
35.7,662.0,164,25,Other,0
17.22,3478.0,385,61,Kansai,0
20.8,3230.0,9999,29,Kansai,0
27.09,3602.0,9999,57,Kanto,0
4.19,1710.0,398,27,Kanto,0
48.19,1275.0,9999,37,Kansai,0
26.96,8775.0,348,51,Kansai,0
62.08,2828.0,375,36,Tokai,0
46.88,1164.0,9999,61,Other,0
25.42,6178.0,3,21,Kanto,0
13.88,5634.0,317,63,Kanto,0
34.28,3842.0,369,39,Kansai,0
45.82,2303.0,9999,29,Kansai,0
10.64,1417.0,9999,28,Kanto,0
10.09,1898.0,9999,67,Kansai,0
49.7,5164.0,9999,58,Kanto,0
35.01,1549.0,268,60,Kansai,1
30.72,1012.0,3,44,Kanto,0
22.97,3802.0,5,44,Kansai,0
46.29,2510.0,272,43,Tokai,0
15.73,1593.0,217,25,Other,0
15.32,1699.0,225,49,Other,0
12.62,434.0,200,29,Kansai,0
14.96,1785.0,9999,58,Kansai,0
22.58,4873.0,179,50,Kansai,0
79.49,1288.0,9999,37,Kanto,0
31.52,9638.0,9999,62,Kanto,0
36.85,2545.0,249,52,Kanto,0
14.15,821.0,223,72,Tokai,0
36.19,2998.0,380,38,Kansai,0
23.81,1285.0,353,42,Kanto,0
20.42,3858.0,164,24,Tokai,1
50.5,5375.0,51,45,Kansai,0
41.99,4353.0,132,48,Tokai,0
18.49,4290.0,65,43,Kansai,0
34.46,1901.0,147,25,Kanto,0
55.56,1312.0,130,73,Kanto,0
62.07,3577.0,318,58,Other,0
33.26,1389.0,9999,74,Kanto,0
46.56,1947.0,342,23,Kansai,0
38.77,1429.0,9999,67,Kansai,0
28.38,1558.0,392,61,Other,0
18.03,3757.0,363,45,Kansai,0
36.07,1491.0,207,34,Kansai,0
26.17,3801.0,162,32,Kanto,0
37.09,5357.0,9999,59,Other,0
17.46,1745.0,9999,41,Kansai,0
36.56,1130.0,225,32,Kanto,0
15.57,4707.0,4,58,Kansai,0
12.27,3121.0,396,36,Kanto,0
54.12,1460.0,142,55,Kanto,0
33.35,2020.0,4,58,Kansai,1
11.61,3293.0,9999,67,Tokai,0
28.27,734.0,258,44,Kansai,0
32.02,6745.0,342,53,Kansai,0
37.28,4470.0,9999,40,Kansai,0
46.29,2580.0,270,44,Tokai,0
30.69,6540.0,251,44,Kanto,0
16.34,5895.0,145,41,Kanto,0
11.29,2242.0,152,42,Kanto,0
29.2,2124.0,398,44,Kanto,0
39.11,2183.0,224,33,Other,0
21.2,3650.0,81,33,Other,0
17.59,3469.0,47,45,Kanto,0
17.82,540.0,236,59,Kansai,0
18.5,3319.0,232,49,Other,0
28.72,3305.0,326,45,Kanto,0
24.41,2199.0,235,57,Kansai,0
10.04,2685.0,71,41,Kanto,0
50.71,641.0,253,58,Kansai,0
45.75,989.0,9999,58,Other,0
20.27,1387.0,79,53,Other,0
27.09,3681.0,344,44,Kansai,0
12.36,5517.0,296,55,Kansai,0
21.26,3528.0,374,32,Kansai,0
1.78,2783.0,75,48,Kanto,0
21.27,4036.0,9999,61,Kanto,0
36.18,241.0,310,28,Other,0
22.92,5243.0,9999,34,Kanto,0
23.83,2349.0,123,50,Kanto,0
43.91,4841.0,369,63,Kansai,0
32.41,3873.0,390,46,Other,0
15.64,1459.0,198,50,Tokai,0
39.22,3015.0,191,29,Kansai,0
23.27,1556.0,328,70,Kansai,0
60.21,3446.0,46,72,Tokai,0
25.48,7240.0,367,56,Tokai,0
11.76,3456.0,21,26,Other,0
17.59,1409.0,95,51,Kansai,0
22.85,4474.0,332,71,Kansai,0
47.72,1351.0,49,30,Other,0
20.13,5381.0,9999,67,Tokai,0
10.51,1169.0,9999,64,Kanto,0
13.69,4947.0,313,47,Kanto,0
7.03,1782.0,9999,23,Other,0
32.96,3687.0,9999,67,Kansai,0
22.1,4502.0,129,64,Kansai,0
38.72,2991.0,9999,50,Kanto,0
41.48,1929.0,97,48,Kansai,0
25.06,3066.0,206,52,Tokai,0
47.4,2349.0,279,73,Kansai,0
5.75,2634.0,356,23,Kanto,0
38.55,735.0,15,66,Kanto,0
48.71,3966.0,145,45,Other,0
26.27,2933.0,304,72,Other,0
18.81,580.0,178,50,Tokai,0
54.91,2017.0,387,50,Tokai,0
14.41,390.0,325,46,Kansai,0
28.68,2673.0,117,44,Other,0
17.42,3617.0,72,67,Tokai,0
16.35,1598.0,314,55,Other,0
10.41,1513.0,225,68,Kanto,0
51.95,1943.0,84,50,Kansai,0
14.1,1506.0,163,62,Tokai,0
19.43,1309.0,151,56,Kanto,0
37.07,503.0,54,64,Kansai,0
26.71,1470.0,273,63,Kansai,0
18.16,756.0,381,42,Kansai,0
17.25,5230.0,287,54,Tokai,0
27.46,5808.0,9999,23,Kanto,0
18.1,3484.0,63,47,Tokai,0
39.13,5071.0,217,61,Kanto,0
37.93,1379.0,304,60,Other,0
29.65,3596.0,338,61,Kanto,0
35.26,3536.0,347,32,Tokai,0
19.37,3097.0,364,20,Kansai,0
26.83,1903.0,325,31,Kanto,0
18.22,2546.0,47,62,Kansai,0
52.62,3017.0,347,72,Other,0
12.48,2971.0,362,59,Kanto,1
25.08,1248.0,9999,45,Kanto,0
28.58,5591.0,346,74,Kansai,0
26.21,2684.0,343,65,Kanto,0
48.7,4128.0,257,65,Other,0
21.66,1717.0,9999,71,Kanto,0
28.06,3450.0,9999,42,Tokai,0
34.66,2807.0,389,68,Kanto,0
29.43,1351.0,306,41,Kanto,0
31.14,2572.0,39,70,Kanto,0
16.71,2069.0,363,71,Kansai,0
10.41,2220.0,354,47,Kansai,0
19.71,4593.0,387,72,Kanto,0
38.68,2377.0,62,72,Other,0
28.95,4421.0,326,36,Kansai,0
25.56,3663.0,147,25,Kanto,0
22.44,2761.0,380,33,Kanto,0
60.1,4756.0,120,69,Kanto,0
57.06,4525.0,341,36,Kanto,0
25.67,2765.0,147,57,Kansai,0
8.33,2904.0,4,24,Other,0
75.59,4787.0,316,32,Other,0
81.97,3810.0,56,67,Other,1
48.54,5555.0,329,72,Kanto,0
23.47,2344.0,9999,28,Kanto,0
56.87,1086.0,9999,63,Other,0
44.36,1561.0,117,61,Tokai,0
27.42,543.0,9999,45,Kanto,0
31.47,1487.0,176,32,Kanto,0
11.64,3784.0,9999,38,Kansai,0
46.49,2370.0,393,67,Kansai,0
43.09,1343.0,36,36,Other,0
24.72,1747.0,203,35,Kanto,0
9.71,3099.0,168,49,Kanto,0
16.67,1811.0,392,51,Kansai,0
13.54,2192.0,205,33,Kanto,0
39.32,776.0,342,67,Kansai,0
26.01,5159.0,301,34,Tokai,0
44.94,5610.0,9999,31,Kanto,0
7.48,1398.0,9999,56,Tokai,1
40.79,2017.0,213,30,Kanto,0
30.73,484.0,361,24,Kansai,0
39.48,4900.0,9999,30,Kansai,0
15.12,969.0,9999,53,Kanto,0
25.11,2495.0,34,38,Kansai,0
21.5,1192.0,151,45,Kanto,0
46.48,2534.0,160,45,Kanto,1
7.97,4336.0,217,36,Kanto,0
10.86,3648.0,84,50,Kanto,0
11.97,3820.0,248,38,Tokai,0
10.95,883.0,331,63,Kanto,0
12.02,2452.0,248,39,Tokai,0
24.89,7759.0,332,42,Other,0
32.87,2981.0,33,44,Kanto,0
9.22,2596.0,9999,47,Kanto,0
24.2,2136.0,9999,56,Kanto,0
30.31,2804.0,308,31,Kanto,0
40.3,2528.0,9999,67,Kanto,0
5.06,6958.0,65,20,Tokai,0
34.49,4172.0,398,21,Kanto,0
30.35,2330.0,59,29,Tokai,0
23.89,4044.0,204,53,Kanto,0
17.09,1482.0,161,51,Kanto,0
10.81,2501.0,292,44,Kanto,0
7.21,1811.0,150,29,Kanto,0
38.81,3877.0,318,74,Kanto,0
8.73,2382.0,183,69,Kansai,0
11.7,2778.0,9999,20,Tokai,0
32.25,2262.0,316,51,Kanto,0
2.69,3190.0,107,56,Tokai,0
26.89,3914.0,168,31,Kanto,0
19.52,5621.0,9999,68,Kanto,0
30.46,2119.0,193,70,Other,0
14.97,1246.0,267,37,Other,1
22.79,3300.0,324,49,Other,0
32.85,1010.0,173,32,Kanto,0
51.44,2076.0,146,73,Other,0
18.12,802.0,237,22,Tokai,0
17.27,11459.0,107,40,Kansai,0
10.92,5187.0,142,61,Other,0
23.12,4894.0,31,33,Other,0
43.11,5791.0,151,59,Tokai,0
36.32,4570.0,160,29,Other,0
34.38,2993.0,9999,21,Kanto,1
40.87,3049.0,294,64,Tokai,0
17.91,5455.0,393,56,Kanto,0
1.8,5675.0,22,30,Other,0
16.45,1330.0,53,20,Kansai,0
39.03,2338.0,9999,45,Other,0
13.04,2715.0,311,61,Kansai,0
40.74,4657.0,95,32,Tokai,0
25.07,1491.0,202,47,Kanto,0
28.79,1373.0,269,55,Kansai,0
40.16,946.0,9999,40,Tokai,1
20.15,1834.0,30,29,Kanto,0
57.11,2059.0,298,31,Kanto,0
25.27,6427.0,358,65,Kansai,0
55.88,4334.0,9999,46,Kanto,0
29.62,4655.0,9999,22,Kanto,0
17.38,1214.0,138,47,Kanto,0
37.4,2246.0,354,21,Kanto,0
30.24,4005.0,381,47,Other,0
9.48,2845.0,364,70,Other,1
49.56,3587.0,9999,50,Tokai,0
34.29,960.0,9999,62,Kanto,0
52.54,2770.0,49,40,Tokai,0
29.64,4139.0,52,26,Kansai,0
15.05,1247.0,398,69,Tokai,0
30.51,629.0,126,50,Kansai,0
30.34,1208.0,29,33,Kanto,0
17.67,5411.0,200,58,Tokai,0
19.58,1070.0,9999,73,Kansai,0
24.24,2628.0,63,58,Other,0
52.43,609.0,335,74,Tokai,0
5.1,1373.0,1,28,Kanto,0
21.63,2958.0,54,42,Tokai,0
52.6,2589.0,175,31,Kansai,0
9.35,4904.0,41,48,Kanto,0
79.48,3360.0,9999,57,Kansai,0
40.17,1246.0,9999,58,Kanto,0
12.14,2223.0,377,41,Kanto,1
29.83,1927.0,121,23,Kanto,0
16.5,387.0,261,67,Kanto,0
15.29,6528.0,92,26,Kanto,0
31.12,2668.0,140,59,Tokai,1
3.99,2985.0,258,27,Kanto,0
5.37,3927.0,367,71,Kansai,0
31.82,3959.0,47,54,Kansai,0
18.08,4223.0,148,28,Kanto,0
36.41,2002.0,9999,70,Other,0
26.09,1840.0,214,32,Kansai,0
15.6,5019.0,9999,58,Other,0
37.85,6626.0,9999,39,Kansai,0
30.23,607.0,263,40,Tokai,0
76.72,4908.0,144,66,Other,0
18.55,2224.0,395,38,Kanto,0
9.63,2479.0,79,21,Kansai,0
47.6,242.0,126,63,Kansai,0
22.89,2626.0,392,59,Other,0
11.15,1738.0,216,49,Kanto,0
31.2,348.0,100,42,Tokai,0
29.16,5321.0,325,74,Kanto,0
25.37,2963.0,366,59,Other,0
36.24,3257.0,62,32,Kansai,0
18.47,5294.0,138,52,Other,0
46.44,4005.0,110,51,Other,0
33.56,925.0,189,47,Kansai,0
10.44,4580.0,381,43,Tokai,0
37.07,735.0,356,61,Tokai,0
20.59,3813.0,331,47,Kansai,0
77.4,7470.0,3,49,Kansai,0
17.65,3834.0,71,72,Kanto,0
10.86,2060.0,111,60,Kanto,0
16.13,7316.0,135,48,Other,0
22.39,2954.0,73,53,Kanto,0
22.74,1276.0,205,70,Tokai,0
36.04,1641.0,37,41,Kanto,0
6.8,1602.0,375,44,Kansai,0
13.09,8349.0,393,33,Kanto,0
26.92,3793.0,287,29,Kansai,0
9.06,3879.0,44,29,Kanto,0
38.58,3482.0,9999,27,Kansai,0
13.46,3100.0,9999,33,Kansai,0
18.18,1858.0,101,64,Tokai,0
8.67,1055.0,352,57,Kansai,0
7.98,3287.0,9999,51,Other,0
46.67,7183.0,269,72,Tokai,0
23.46,3179.0,161,64,Kanto,0
15.09,5627.0,239,51,Kanto,0
40.12,590.0,256,22,Kanto,0
73.62,3189.0,200,39,Kanto,0
21.84,1774.0,9999,32,Kansai,0
46.99,1224.0,371,74,Other,0
43.49,6276.0,120,42,Kansai,0
29.95,1943.0,292,38,Tokai,0
23.97,3788.0,344,35,Kanto,0
66.46,2424.0,70,55,Kanto,0
10.0,923.0,179,54,Other,0
52.61,4126.0,9999,66,Kanto,0
21.65,2042.0,283,66,Other,0
18.39,4518.0,108,69,Kanto,0
8.36,1381.0,61,73,Other,0
21.28,1798.0,259,26,Tokai,0
9.17,3699.0,273,71,Kansai,0
46.99,1466.0,167,56,Other,0
25.93,4083.0,315,27,Kanto,0
37.92,485.0,34,44,Kanto,0
21.93,1067.0,72,42,Kanto,0
35.87,2745.0,273,29,Kanto,1
14.63,3884.0,30,49,Kansai,0
18.71,2829.0,9999,52,Other,0
12.72,3601.0,71,30,Kanto,0
38.73,1957.0,336,54,Other,0
16.82,448.0,195,46,Other,0
38.22,2134.0,199,72,Tokai,0
2.09,2169.0,382,22,Other,0
55.58,5340.0,249,66,Tokai,0
22.39,4032.0,362,68,Kansai,0
37.25,1142.0,252,69,Kansai,0
2.1,337.0,296,27,Kansai,0
5.06,2413.0,380,74,Kanto,0
79.45,1765.0,303,32,Kanto,0
17.82,6859.0,307,61,Kansai,0
53.1,5442.0,394,22,Kanto,0
13.73,922.0,9999,39,Other,1
27.53,3956.0,188,65,Kansai,0
25.47,3571.0,288,64,Kanto,0
14.27,3485.0,43,54,Kanto,0
23.94,10883.0,179,32,Kansai,0
9.9,2468.0,206,39,Kanto,0
59.61,4262.0,9999,43,Kanto,0
27.38,4637.0,256,74,Other,0
23.94,3298.0,365,28,Kanto,0
9.59,6803.0,9,49,Tokai,0
31.21,2993.0,232,44,Kanto,1
9.13,4487.0,9999,35,Other,0
9.82,1598.0,112,74,Kansai,0
14.07,1061.0,15,74,Tokai,0
3.65,3682.0,216,27,Tokai,0
9.04,2552.0,352,63,Kansai,0
27.51,2651.0,227,47,Kanto,0
29.33,2098.0,229,31,Kansai,0
9.79,4426.0,334,70,Kanto,0
35.4,2958.0,127,43,Kansai,0
39.27,8970.0,375,68,Kansai,0
42.11,2894.0,76,48,Other,0
46.72,3401.0,197,34,Kanto,0
20.92,4770.0,328,73,Kanto,0
16.71,3666.0,9999,37,Other,0
24.14,1099.0,395,26,Other,0
29.71,2304.0,360,32,Other,0
41.32,1517.0,179,38,Kansai,1
5.85,3546.0,61,67,Kanto,0
31.7,3141.0,108,62,Other,0
21.63,4588.0,9999,24,Kanto,0
24.09,4979.0,9999,45,Kanto,0
23.13,1516.0,9999,21,Kanto,0
14.57,4918.0,37,52,Tokai,1
28.82,5390.0,268,67,Kanto,0
31.62,1285.0,324,56,Tokai,0
30.58,3405.0,355,44,Kanto,0
17.91,6006.0,321,44,Kanto,0
20.61,2279.0,385,58,Kansai,0
4.24,2662.0,179,49,Kanto,0
13.74,3391.0,89,60,Other,0
7.33,98.0,102,23,Other,0
40.95,2922.0,5,38,Kanto,0
16.37,3048.0,175,46,Other,0
28.67,3982.0,45,71,Tokai,0
25.05,4081.0,160,66,Kansai,1
22.63,2600.0,314,58,Tokai,0
9.79,7223.0,9999,43,Other,0
19.33,1512.0,9999,69,Kanto,0
47.74,4502.0,126,56,Kanto,0
40.22,354.0,67,72,Kansai,0
52.66,2785.0,96,44,Kanto,0
56.19,286.0,9999,48,Kanto,0
23.88,2912.0,274,50,Kansai,0
38.88,3635.0,91,64,Other,0
19.68,2138.0,9999,54,Kanto,0
26.83,2730.0,197,47,Kanto,0
28.18,4272.0,9999,57,Tokai,0
38.97,70.0,130,63,Kanto,0
46.42,1887.0,196,72,Other,0
24.62,6116.0,252,69,Other,0
28.39,1077.0,9999,69,Other,0
23.23,1650.0,9999,23,Tokai,0
27.9,472.0,287,47,Kanto,0
26.27,1900.0,110,71,Kanto,0
35.49,2508.0,201,50,Tokai,0
13.58,10642.0,9999,42,Other,0
16.26,3487.0,303,33,Kanto,0
43.62,1966.0,390,47,Kanto,0
32.89,747.0,224,33,Other,0
19.36,1660.0,266,20,Kanto,0
58.4,1419.0,214,62,Kanto,0
3.53,391.0,351,51,Other,0
25.68,1049.0,9999,73,Kanto,0
24.28,2013.0,253,60,Kanto,0
45.06,2231.0,240,37,Kansai,0
20.12,4223.0,170,24,Tokai,0
24.2,6287.0,88,61,Kanto,0
27.77,2196.0,9999,34,Kansai,0
11.46,4598.0,158,61,Kansai,0
29.58,1968.0,9999,35,Kansai,0
27.14,1325.0,357,55,Kanto,0
48.17,4090.0,395,55,Kanto,0
68.5,1944.0,9999,59,Kansai,0
47.7,1464.0,311,49,Tokai,0
22.62,1275.0,9999,57,Tokai,0
10.82,665.0,83,42,Tokai,0
16.27,2725.0,313,30,Tokai,0
17.64,1719.0,386,44,Kanto,0
10.49,4708.0,135,64,Other,0
45.3,7297.0,370,70,Other,0
39.52,1268.0,389,62,Kansai,0
25.03,871.0,9999,21,Kanto,1
23.64,6403.0,156,54,Kansai,0
36.1,2914.0,340,66,Kansai,0
30.03,2843.0,152,43,Kanto,0
21.4,3287.0,369,32,Kansai,0
21.89,5227.0,231,61,Tokai,0
44.26,5205.0,298,56,Other,0
15.35,3968.0,207,49,Kanto,0
44.34,1072.0,80,30,Kanto,0
32.53,544.0,89,42,Tokai,0
56.57,1080.0,38,65,Other,0
22.02,712.0,309,47,Kansai,0
10.45,4272.0,9999,48,Tokai,0
31.5,1633.0,10,71,Kanto,0
13.56,3914.0,33,34,Kansai,0
13.06,2631.0,228,64,Other,0
54.48,1614.0,368,22,Tokai,0
45.83,1288.0,78,28,Other,0
25.14,1529.0,135,27,Kansai,0
28.97,882.0,116,66,Other,0
27.92,7420.0,199,74,Kanto,1
36.28,2432.0,112,52,Kanto,0
21.56,2634.0,176,53,Kanto,0
1.4,2586.0,364,28,Kansai,0
8.29,4204.0,305,72,Kanto,0
17.48,1423.0,40,36,Tokai,0
21.44,5395.0,318,60,Other,0
38.3,2082.0,238,20,Kansai,0
48.25,2024.0,9999,59,Kanto,0
17.21,5921.0,144,24,Other,0
26.89,1406.0,363,49,Kansai,0
37.93,3417.0,365,30,Tokai,0
17.19,2572.0,110,47,Other,0
46.38,1607.0,9999,57,Other,0
7.67,3780.0,245,36,Kansai,0
24.57,1008.0,339,69,Other,0
24.47,1597.0,72,42,Kansai,0
37.27,2782.0,128,37,Kansai,0
11.17,6755.0,293,56,Kansai,0
46.58,6377.0,159,46,Kansai,0
40.29,3451.0,249,44,Kansai,0
25.11,2117.0,187,24,Tokai,1
21.79,432.0,320,38,Kanto,0
36.2,4628.0,243,46,Kansai,0
40.91,5053.0,2,32,Tokai,0
43.01,3419.0,324,73,Other,0
17.05,2185.0,211,26,Kanto,0
14.86,4371.0,170,45,Other,0
14.77,2522.0,47,33,Other,0
44.57,2318.0,110,46,Kansai,0
25.1,712.0,111,27,Tokai,0
12.37,4226.0,9999,50,Kansai,0
38.38,2852.0,216,54,Other,0
39.73,6357.0,21,46,Tokai,0
21.89,1692.0,69,23,Kanto,0
9.49,1335.0,39,61,Kansai,0
73.69,5022.0,294,23,Kansai,0
23.59,5707.0,93,37,Kanto,0
35.85,2629.0,249,42,Tokai,0
22.58,4495.0,185,51,Kanto,0
15.23,2078.0,9999,31,Kansai,0
32.85,2158.0,160,71,Tokai,0
11.95,3431.0,229,39,Other,0
37.27,2138.0,360,66,Tokai,0
58.57,3099.0,216,64,Tokai,0
20.31,2802.0,396,31,Other,0
18.73,1103.0,330,27,Kansai,0
13.36,3088.0,205,73,Other,0
19.31,1131.0,251,41,Kanto,0
21.99,4272.0,9999,46,Other,0
45.94,5076.0,330,60,Kanto,0
33.2,2334.0,9999,71,Other,0
43.54,6782.0,89,60,Kanto,0
19.61,5642.0,241,36,Kanto,0
31.4,3122.0,9999,51,Kanto,0
29.87,2168.0,161,52,Kanto,0
3.84,4804.0,9999,50,Kansai,0
4.39,6859.0,48,74,Kansai,0
4.96,3285.0,9999,25,Other,0
23.96,7549.0,222,58,Kanto,0
40.62,1845.0,36,28,Kanto,0
14.5,4012.0,9999,61,Tokai,0
9.11,2612.0,125,51,Kanto,0
17.73,1286.0,11,55,Other,0
25.68,1970.0,67,35,Kansai,0
13.52,5060.0,329,31,Kansai,0
10.43,2422.0,9999,60,Kanto,0
9.87,1787.0,55,22,Kanto,0
67.99,5813.0,230,46,Tokai,0
8.16,4967.0,90,46,Kansai,0
34.62,2027.0,372,28,Other,1
66.97,7779.0,59,36,Kansai,0
44.71,2503.0,119,65,Other,0
10.4,3296.0,98,24,Other,0
57.85,2778.0,276,45,Kanto,0
8.55,1442.0,9999,40,Other,0
17.41,2371.0,255,20,Kanto,0
22.0,2584.0,29,20,Tokai,0
11.16,567.0,281,54,Tokai,0
29.09,3189.0,398,28,Kansai,0
14.76,4585.0,66,42,Kanto,0
66.71,1142.0,36,57,Kansai,0
20.81,4082.0,93,60,Other,0
40.3,5222.0,373,23,Other,0
57.79,110.0,295,71,Tokai,0
35.1,2397.0,270,38,Kanto,0
65.86,7697.0,124,56,Other,0
43.72,3139.0,166,24,Other,0
31.92,543.0,9999,47,Kanto,0
23.06,977.0,120,65,Kanto,0
6.95,3232.0,9999,61,Other,0
24.44,3947.0,290,74,Other,0
13.13,2740.0,61,67,Kanto,0
49.78,3109.0,233,42,Other,1
13.08,2795.0,9999,57,Kansai,0
28.3,1666.0,209,71,Other,0
39.33,2800.0,9999,42,Kansai,0
11.82,766.0,128,65,Kansai,0
29.22,2095.0,285,37,Kanto,0
18.36,3776.0,9999,48,Other,0
36.11,1376.0,9999,47,Kansai,0
8.73,2226.0,242,28,Other,0
65.76,2930.0,319,58,Kanto,0
31.38,7424.0,1,69,Tokai,0
59.08,4947.0,126,29,Kansai,0
44.87,741.0,139,21,Kanto,0
16.22,8518.0,46,32,Kanto,0
40.97,6062.0,139,57,Kanto,0
53.57,3056.0,160,46,Tokai,0
47.07,4443.0,9999,74,Kansai,0
30.76,1527.0,334,60,Kanto,0
14.98,2592.0,213,39,Kanto,0
37.56,1459.0,9999,59,Kansai,0
35.86,3922.0,76,29,Kanto,0
20.37,10105.0,238,35,Kansai,0
11.12,2016.0,323,34,Tokai,0
32.47,2407.0,27,32,Kansai,0
13.41,2653.0,358,69,Kansai,0
20.39,2095.0,49,57,Kanto,0
38.91,3780.0,70,39,Kanto,0
12.78,5184.0,79,43,Other,0
8.36,1775.0,9999,60,Other,0
5.95,2630.0,341,69,Kansai,0
34.89,4100.0,327,26,Kanto,0
36.05,1362.0,277,42,Kansai,0
21.26,1036.0,146,43,Other,0
45.01,1750.0,310,48,Tokai,0
23.18,4232.0,205,24,Other,0
23.85,1310.0,72,62,Kanto,0
21.42,1838.0,344,64,Tokai,1
5.74,2647.0,64,54,Tokai,0
17.23,2947.0,95,20,Kansai,0
6.03,2410.0,9999,55,Kansai,0
18.47,2687.0,330,70,Kansai,0
40.14,825.0,315,37,Other,0
4.58,1699.0,209,25,Other,0
17.53,4434.0,198,42,Kanto,0
17.34,1602.0,345,29,Kansai,0
37.43,3001.0,370,26,Other,0
14.16,2811.0,255,63,Kanto,0
42.9,4154.0,9999,27,Kansai,0
15.17,4538.0,9999,32,Kanto,0
44.14,5331.0,206,49,Kanto,0
40.97,6338.0,9999,37,Other,1
26.98,1323.0,271,33,Kansai,0
22.51,454.0,255,30,Tokai,0
8.89,2022.0,27,61,Kanto,0
27.24,1247.0,286,57,Kanto,0
44.31,1463.0,9999,32,Other,0
10.9,3683.0,390,73,Kansai,0
44.98,5138.0,393,61,Kanto,0
48.99,3053.0,79,63,Other,0
14.1,1651.0,179,52,Kansai,0
26.81,3154.0,116,69,Kansai,0
62.3,4245.0,157,32,Kansai,0
17.44,830.0,289,44,Kanto,0
42.09,2124.0,182,43,Kansai,0
14.04,2252.0,280,48,Kansai,0
23.85,2364.0,219,55,Kanto,0
15.7,1386.0,143,25,Tokai,0
22.78,3203.0,47,37,Kanto,0
37.88,3401.0,9999,47,Tokai,0
26.68,1302.0,5,24,Kanto,0
27.07,5912.0,0,37,Other,0
14.05,1063.0,9999,56,Other,0
55.73,1608.0,9999,26,Kanto,0
54.58,982.0,363,74,Other,0
36.54,864.0,7,28,Kansai,0
67.09,2856.0,113,54,Tokai,0
39.52,1604.0,9999,31,Other,0
3.08,4555.0,9999,71,Kanto,0
9.33,1399.0,283,65,Kanto,0
17.71,1620.0,118,59,Kanto,0
37.93,4183.0,7,63,Kansai,0
6.87,1152.0,10,58,Kanto,0
28.27,1888.0,305,43,Kansai,0
41.37,5851.0,10,28,Kanto,0
19.29,247.0,9999,31,Tokai,0
29.72,117.0,91,55,Kanto,0
34.28,831.0,355,56,Kanto,0
36.27,6486.0,77,28,Kanto,0
21.91,3442.0,270,58,Tokai,0
44.51,3193.0,40,65,Other,0
19.58,833.0,383,71,Kanto,0
28.16,2782.0,292,41,Tokai,0
25.68,1321.0,43,36,Other,0
23.16,4632.0,9999,52,Other,0
30.7,4769.0,273,66,Kansai,0
50.86,1732.0,9999,43,Kanto,0
6.03,3612.0,9999,34,Kanto,0
23.79,3300.0,9999,48,Kanto,0
9.69,2391.0,38,51,Kansai,0
6.03,1358.0,60,52,Kansai,0
15.83,1896.0,9999,48,Tokai,0
54.57,4519.0,243,34,Kanto,0
32.1,5905.0,119,46,Kanto,0
20.67,2021.0,384,53,Other,0
16.88,6282.0,132,23,Other,0
34.48,3445.0,363,68,Tokai,0
25.94,2447.0,9999,67,Kanto,0
21.75,2256.0,392,37,Other,0
8.46,1423.0,137,40,Kanto,0
13.7,3778.0,200,67,Tokai,0
50.89,6949.0,206,27,Kanto,0
30.31,2379.0,245,25,Kansai,0
13.46,1230.0,83,73,Tokai,0
33.16,4181.0,226,39,Other,0
43.71,1949.0,255,21,Tokai,0
17.07,1408.0,265,70,Other,0
23.3,798.0,9999,64,Kansai,0
24.8,3700.0,258,41,Tokai,0
12.67,5327.0,115,73,Kanto,0
30.78,1008.0,331,40,Kanto,0
13.4,2099.0,398,25,Tokai,0
6.58,2234.0,159,51,Other,0
13.08,1484.0,322,25,Kanto,0
29.67,6176.0,73,32,Kanto,0
13.51,767.0,170,20,Kanto,0
23.94,3468.0,9999,41,Other,0
26.47,3907.0,9999,72,Kanto,0
8.77,1476.0,287,43,Kanto,0
69.01,1213.0,351,60,Kanto,0
20.33,1669.0,9999,49,Kanto,0
42.08,542.0,9999,41,Tokai,0
23.83,7068.0,244,63,Other,0
41.59,1772.0,280,31,Kanto,0
37.68,1952.0,207,45,Kanto,0
26.46,7830.0,35,23,Other,0
6.89,632.0,211,38,Other,0
54.86,2365.0,395,35,Kanto,0
12.98,4253.0,9999,31,Kanto,0
8.93,7077.0,9999,52,Other,0
39.39,704.0,25,74,Tokai,0
30.09,7698.0,263,40,Other,0
24.1,2093.0,53,55,Kanto,0
16.93,2105.0,100,28,Kansai,0
50.27,1025.0,9999,58,Tokai,0
10.45,2727.0,248,61,Other,0
27.53,7718.0,379,64,Other,0
8.97,2691.0,32,27,Kanto,0
38.16,1365.0,208,39,Kansai,0
66.44,1589.0,337,29,Kanto,0
34.62,1647.0,66,51,Other,0
13.81,6475.0,162,47,Tokai,0
41.85,7368.0,32,29,Other,0
18.39,765.0,325,27,Kanto,0
16.1,1091.0,9999,71,Kanto,0
23.6,1199.0,9999,66,Kanto,0
6.52,1722.0,9999,52,Kanto,0
56.37,8248.0,9999,66,Kanto,0
26.43,7624.0,9999,68,Other,0
27.69,2589.0,288,32,Kansai,0
51.65,1882.0,259,63,Kansai,0
52.54,421.0,203,54,Other,0
17.95,2982.0,9999,74,Other,0
28.45,2761.0,91,70,Kansai,1
14.31,993.0,28,48,Kanto,0
46.15,3396.0,9999,24,Kanto,0
55.16,4684.0,1,22,Kansai,0
5.81,982.0,9999,72,Tokai,0
57.01,1793.0,364,56,Tokai,0
11.29,4535.0,164,60,Kansai,0
19.46,1524.0,348,25,Other,0
8.58,1737.0,9999,67,Other,0
33.32,1824.0,122,61,Other,0
11.69,3500.0,385,35,Other,0
21.68,5100.0,9999,54,Kanto,0
21.18,6811.0,124,37,Kanto,0
4.39,4869.0,20,30,Kansai,0
33.86,2570.0,102,70,Kansai,0
3.02,3907.0,100,42,Kansai,0
19.9,925.0,32,66,Kanto,0
40.57,8905.0,363,30,Other,0
43.1,1413.0,189,48,Kanto,0
20.16,3719.0,9999,73,Other,1
10.86,2860.0,126,61,Kansai,0
31.17,845.0,226,46,Kanto,0
34.37,1419.0,319,28,Kanto,0
38.71,5312.0,9999,54,Kanto,0
25.14,2344.0,262,74,Kanto,0
42.1,1238.0,186,28,Tokai,0
21.09,2100.0,9999,37,Kanto,0
20.8,1238.0,155,63,Other,0
20.77,1724.0,39,74,Kanto,0
31.17,681.0,222,40,Kanto,0
24.24,2569.0,392,67,Other,0
52.17,2841.0,15,55,Kansai,0
49.69,1744.0,292,20,Kansai,0
28.4,5296.0,297,46,Kanto,0
5.69,1820.0,9999,64,Kanto,0
55.88,2343.0,143,59,Kanto,0
37.76,1666.0,139,57,Kansai,1
7.76,1950.0,220,48,Kanto,0
40.78,4015.0,178,59,Kansai,0
5.94,950.0,368,38,Other,0
7.37,3375.0,320,43,Kanto,0
22.56,1515.0,379,63,Other,0
80.01,985.0,9999,20,Kanto,0
13.56,1996.0,9999,55,Other,0
54.95,6461.0,215,42,Other,0
41.52,3695.0,9999,32,Kanto,0
13.56,1964.0,107,49,Other,0
31.58,1276.0,357,68,Kansai,0
57.01,7459.0,267,70,Kanto,0
36.24,3086.0,9999,70,Kansai,0
8.59,2633.0,238,73,Other,0
5.47,3625.0,391,56,Other,0
43.4,3877.0,9999,30,Kanto,0
16.12,1803.0,366,26,Kansai,0
24.28,4369.0,388,54,Kanto,0
18.23,814.0,33,30,Kansai,0
20.8,3768.0,102,68,Kansai,0
20.32,1887.0,9999,62,Kanto,0
14.03,5401.0,346,66,Kansai,0
37.04,1793.0,280,70,Other,0
41.56,4797.0,183,59,Kansai,0
14.91,3151.0,22,67,Other,0
15.91,4256.0,184,40,Kanto,0
48.16,2673.0,249,66,Other,0
13.98,600.0,105,22,Kanto,0
35.63,5157.0,86,49,Kansai,0
51.84,5369.0,254,43,Tokai,0
10.72,2020.0,292,57,Other,0
16.33,1557.0,119,22,Kanto,0
17.48,4483.0,293,56,Kansai,0
21.95,3116.0,9999,52,Kansai,0
28.72,2290.0,236,41,Kanto,0
17.68,3510.0,9999,50,Tokai,0
33.52,2015.0,9999,65,Kanto,0
37.78,5320.0,46,31,Kanto,0
77.63,2132.0,47,64,Kanto,0
48.53,4483.0,238,33,Kanto,0
35.98,2670.0,294,31,Other,0
25.57,3254.0,212,74,Kansai,0
22.16,7316.0,163,46,Kansai,0
46.11,1835.0,320,32,Kanto,0
20.63,4296.0,1,43,Kanto,0
21.0,6300.0,9999,57,Kansai,0
14.05,4197.0,116,72,Kanto,0
22.1,5510.0,9999,66,Other,0
11.97,2859.0,54,73,Other,0
26.29,4051.0,119,74,Other,0
21.13,4782.0,117,67,Kansai,0
27.91,2632.0,9999,28,Kansai,0
25.76,1409.0,2,27,Other,0
38.06,1230.0,319,56,Kansai,0
27.41,6819.0,9999,34,Kansai,0
33.63,6145.0,336,26,Kansai,0
33.77,1584.0,181,43,Tokai,0
30.78,5508.0,9999,68,Kansai,0
32.35,3532.0,9999,35,Tokai,0
22.46,2692.0,216,43,Tokai,0
54.67,1546.0,286,62,Other,0
31.43,2437.0,9999,26,Kansai,0
6.48,1328.0,9999,62,Tokai,0
13.05,2163.0,224,47,Kanto,0
31.22,1303.0,9999,21,Other,0
23.33,899.0,150,53,Kanto,0
27.33,5594.0,185,57,Kansai,0
5.55,2334.0,82,22,Other,0
33.6,3329.0,104,20,Kansai,0
7.56,1768.0,328,50,Kanto,0
52.03,2259.0,255,42,Kanto,0
17.3,1271.0,115,39,Other,0
30.42,6857.0,201,35,Kanto,0
13.64,415.0,186,65,Kanto,0
2.97,4597.0,9999,51,Tokai,0
12.52,1744.0,9999,36,Kansai,0
22.0,1267.0,193,37,Tokai,0
5.54,838.0,9999,23,Tokai,0
66.16,2854.0,171,54,Other,0
25.97,4241.0,333,59,Other,0
15.73,3970.0,9999,55,Tokai,0
43.6,1925.0,195,42,Kanto,0
21.86,2246.0,339,34,Kansai,0
36.97,1238.0,147,32,Kansai,0
11.17,1408.0,133,33,Kansai,0
44.71,5583.0,287,33,Kanto,0
13.29,605.0,9999,56,Kansai,0
25.39,536.0,226,24,Other,0
25.05,1585.0,9999,41,Kansai,0
49.53,6806.0,9999,47,Tokai,0
29.12,2655.0,126,64,Kansai,0
30.9,9888.0,200,23,Kanto,0
41.54,2071.0,321,69,Kansai,1
11.85,4059.0,259,57,Kanto,0
21.1,5119.0,47,48,Kansai,0
43.57,8828.0,9999,56,Tokai,0
34.48,1690.0,376,54,Tokai,0
22.38,2634.0,218,39,Kanto,0
39.23,2300.0,309,54,Kanto,0
17.34,4277.0,43,54,Tokai,0
17.52,6359.0,247,39,Kanto,0
14.98,6347.0,9999,21,Kanto,0
32.77,1662.0,9999,71,Kansai,0
16.71,1413.0,168,37,Tokai,0
50.72,3988.0,265,49,Other,0
76.47,1120.0,348,61,Other,0
14.33,4343.0,170,72,Kanto,0
22.61,2631.0,32,48,Kanto,0
38.28,5739.0,252,58,Kansai,0
32.76,5182.0,300,71,Other,0
20.14,2862.0,2,41,Kanto,0
32.72,1043.0,47,48,Kansai,0
36.99,1117.0,103,65,Kansai,0
38.34,2723.0,174,29,Tokai,0
53.58,3571.0,270,39,Kanto,0
39.81,2099.0,146,35,Other,0
21.98,1314.0,138,25,Kansai,0
14.6,2150.0,9999,36,Kanto,0
21.99,5766.0,72,25,Kanto,0
31.32,2151.0,247,41,Kanto,0
7.28,1705.0,9999,37,Tokai,0
24.88,1090.0,312,51,Tokai,0
61.41,2508.0,358,47,Kanto,0
78.83,5216.0,215,61,Kansai,0
30.89,5372.0,9,29,Tokai,0
7.51,1458.0,323,60,Kanto,0
35.36,2878.0,315,41,Kansai,0
6.74,1567.0,55,47,Kanto,0
20.03,2026.0,231,34,Kanto,0
31.78,2477.0,9999,62,Kansai,0
37.38,1843.0,102,48,Kanto,0
53.68,131.0,230,26,Kansai,0
7.07,6869.0,230,69,Other,0
26.25,1697.0,9999,53,Kanto,0
18.23,1599.0,9999,51,Kanto,0
38.77,1452.0,379,21,Tokai,0
10.92,782.0,182,45,Kanto,0
8.81,6996.0,36,64,Kanto,0
27.95,2594.0,174,30,Kansai,0
4.32,3600.0,339,44,Other,0
45.6,3302.0,351,38,Kanto,0
35.55,1804.0,9999,39,Other,0
25.4,2588.0,226,52,Tokai,0
18.89,4128.0,316,36,Tokai,1
26.84,863.0,269,71,Tokai,0
25.93,2000.0,75,49,Kanto,0
52.46,2249.0,230,37,Kanto,0
52.99,1763.0,272,51,Kanto,0
51.74,1739.0,9999,59,Kanto,0
55.46,2928.0,183,64,Other,0
34.77,5942.0,9999,23,Kansai,0
17.14,3491.0,271,51,Kansai,0
47.86,1423.0,121,38,Tokai,0
54.71,11125.0,95,22,Other,0
43.54,5977.0,70,57,Other,0
44.23,1856.0,226,47,Tokai,0
19.84,6032.0,10,57,Kanto,0
45.01,2972.0,222,73,Kanto,1
14.01,1069.0,9999,25,Kanto,0
51.24,5567.0,335,59,Kanto,0
21.23,1423.0,379,36,Kanto,0
8.46,3595.0,59,61,Other,0
58.83,2867.0,236,24,Other,0
44.7,3791.0,143,38,Tokai,0
36.76,7322.0,9999,62,Tokai,0
33.47,2562.0,90,61,Kansai,0
20.81,1057.0,229,54,Kanto,0
41.11,1576.0,294,41,Other,0
14.19,997.0,257,43,Kanto,0
10.19,756.0,9999,29,Tokai,0
50.76,5146.0,115,21,Kanto,0
43.6,2801.0,188,47,Other,0
50.1,2363.0,396,60,Tokai,0
62.56,1887.0,264,56,Kansai,0
12.86,4414.0,201,72,Kanto,0
36.37,6456.0,14,36,Kansai,0
25.3,1392.0,376,25,Kansai,1
39.53,3505.0,9999,62,Kanto,0
21.05,4922.0,310,24,Other,0
47.74,3062.0,9999,58,Other,0
44.42,4190.0,258,26,Kansai,0
35.19,1046.0,115,51,Kanto,0
4.1,6566.0,7,23,Other,0
23.14,4427.0,326,40,Kanto,0
61.3,3734.0,246,61,Kanto,0
39.57,4709.0,391,51,Kanto,0
52.11,2110.0,347,37,Kanto,0
4.88,1206.0,9999,52,Kansai,0
4.46,1003.0,255,33,Kanto,0
25.21,881.0,213,25,Tokai,0
35.99,3473.0,143,30,Tokai,0
39.66,1946.0,238,65,Kansai,0
21.78,6317.0,9999,39,Kanto,0
27.22,5526.0,21,48,Other,0
7.97,4409.0,9999,54,Tokai,1
31.51,3815.0,9999,35,Kanto,0
11.72,1571.0,298,67,Kansai,1
43.35,1790.0,165,26,Kanto,0
26.94,1566.0,111,59,Kanto,0
42.53,1176.0,138,55,Other,0
18.03,2413.0,25,63,Kanto,0
30.3,4881.0,237,63,Tokai,0
18.15,2308.0,28,50,Kanto,0
14.89,1507.0,359,61,Other,0
22.31,2309.0,185,63,Kanto,0
15.01,2913.0,99,62,Kanto,0
45.32,1832.0,272,62,Kansai,0
27.17,2426.0,9999,66,Kansai,0
22.12,11011.0,347,25,Kansai,0
29.05,859.0,245,48,Kansai,0
20.62,427.0,388,46,Kanto,0
24.62,2777.0,368,62,Kansai,0
39.62,3372.0,9999,21,Kansai,0
25.71,2344.0,102,41,Tokai,0
24.35,1258.0,9999,28,Kanto,0
46.67,6248.0,150,30,Tokai,0
10.69,2668.0,9999,35,Other,0
18.71,2863.0,140,64,Tokai,0
21.89,4363.0,9999,32,Kanto,0
57.09,2278.0,9999,73,Kansai,0
